Date,Time,DateTime,Energy_level,Mood,Weather_Condition,Current_Activity,Location,Procrastination_Score,Num_Productive_tasks,Notes
06 August 2025 9:00:00 AM,9:00:00 AM,06-08-2025 09:00,3,"Excited, Tired","Sunny, Cold",Sleep,Bedroom,1,0,Wake up at 9
06 August 2025 10:00:00 AM,10:00:00 AM,06-08-2025 10:00,6,"Excited, Tired, Calm","Sunny, Cold","Instagram, Work",Bedroom,4,1,"Changed this sheet and alarms, then started watching YouTube"
06 August 2025 11:00:00 AM,11:00:00 AM,06-08-2025 11:00,4,Tired,"Sunny, Cold",YouTube,Bedroom,10,0,
06 August 2025 12:00:00 PM,12:00:00 PM,06-08-2025 12:00,6,Hangry,Sunny,Lunch,Dining room,1,0,
06 August 2025 1:00:00 PM,1:00:00 PM,06-08-2025 13:00,6,Happy,Sunny,"Chilling, Work",Bedroom,7,0,
06 August 2025 2:00:00 PM,2:00:00 PM,06-08-2025 14:00,5,Tired,Sunny,Gaming,Game room,10,0,
06 August 2025 3:00:00 PM,3:00:00 PM,06-08-2025 15:00,8,Energised,Sunny,Gaming,Game room,10,0,Finished at 3pm
06 August 2025 4:00:00 PM,4:00:00 PM,06-08-2025 16:00,5,Tired,Cloudy,Work,Office space,6,2,
06 August 2025 5:00:00 PM,5:00:00 PM,06-08-2025 17:00,5,"Tired, Calm",Cloudy,Work,Office space,7,1,
06 August 2025 6:00:00 PM,6:00:00 PM,06-08-2025 18:00,6,Happy,Cloudy,YouTube ,Bedroom ,8,1,
06 August 2025 7:00:00 PM,7:00:00 PM,06-08-2025 19:00,4,Tired,Cloudy,Netflix,Bedroom,1,0,Me Time
06 August 2025 8:00:00 PM,8:00:00 PM,06-08-2025 20:00,6,Tired,Cloudy,Tiktok,Bedroom,1,0,Me Time
06 August 2025 9:00:00 PM,9:00:00 PM,06-08-2025 21:00,7,Calm,Cloudy,Prayer,Mosque,1,0,
06 August 2025 10:00:00 PM,10:00:00 PM,06-08-2025 22:00,7,Happy,Cloudy,Netflix,Bedroom,1,0,Me Time
06 August 2025 11:00:00 PM,11:00:00 PM,06-08-2025 23:00,7,Fulfilled,Cloudy,Netflix,Bedroom,1,0,Me Time
07 August 2025 9:00:00 AM,9:00:00 AM,07-08-2025 09:00,7,Calm,Cloudy,Sleep,Bedroom,1,0,
07 August 2025 10:00:00 AM,10:00:00 AM,07-08-2025 10:00,8,Calm,Cloudy,"Work, Gaming",Office Space,6,1,
07 August 2025 11:00:00 AM,11:00:00 AM,07-08-2025 11:00,8,Energised,Cloudy,Work,Office Space,1,1,
07 August 2025 12:00:00 PM,12:00:00 PM,07-08-2025 12:00,7,"Energised, Happy",Cloudy,"Work, Lunch",Office Space,1,1,
07 August 2025 1:00:00 PM,1:00:00 PM,07-08-2025 13:00,8,"Energised, Happy, Excited",Cloudy,Work,Office Space,1,2,
07 August 2025 2:00:00 PM,2:00:00 PM,07-08-2025 14:00,8,"Energised, Happy","Cloudy, Gloomy",Work,Office Space,1,1,
07 August 2025 3:00:00 PM,3:00:00 PM,07-08-2025 15:00,7,"Happy, Focused",Cloudy,Work,Office Space,1,2,
07 August 2025 4:00:00 PM,4:00:00 PM,07-08-2025 16:00,7,Energised,Cloudy,Work,Office Space,1,1,
07 August 2025 5:00:00 PM,5:00:00 PM,07-08-2025 17:00,8,"Calm, Happy",Cloudy,Work,Office Space,1,1,
07 August 2025 6:00:00 PM,6:00:00 PM,07-08-2025 18:00,8,Happy,Cloudy,Chilling,In-Laws ,1,1,
07 August 2025 7:00:00 PM,7:00:00 PM,07-08-2025 19:00,7,Calm,Cloudy,"Chilling, Groceries",Tesco,1,0,
07 August 2025 8:00:00 PM,8:00:00 PM,07-08-2025 20:00,6,Tired,Cloudy,"Travel, Groceries",Tesco,1,0,
07 August 2025 9:00:00 PM,9:00:00 PM,07-08-2025 21:00,6,Calm,Cloudy,Gaming,Gaming Room,1,0,
07 August 2025 10:00:00 PM,10:00:00 PM,07-08-2025 22:00,8,Excited,Cloudy,Gaming,Gaming Room,1,0,
07 August 2025 11:00:00 PM,11:00:00 PM,07-08-2025 23:00,8,Excited,Cloudy,Gaming,Gaming Room,5,0,Could be winding down for the night and read but I'm gaming instead
08 August 2025 9:00:00 AM,9:00:00 AM,08-08-2025 09:00,6,Tired,"Sunny, Cloudy",Sleep,Bedroom,1,0,
08 August 2025 10:00:00 AM,10:00:00 AM,08-08-2025 10:00,6,Tired,"Sunny, Cloudy",Chilling,Bedroom,8,0,
08 August 2025 11:00:00 AM,11:00:00 AM,08-08-2025 11:00,8,"Focused, Excited","Sunny, Cloudy",Work,Office Space,1,2,
08 August 2025 12:00:00 PM,12:00:00 PM,08-08-2025 12:00,8,Happy,Cloudy,Work,Office Space,1,1,
08 August 2025 1:00:00 PM,1:00:00 PM,08-08-2025 13:00,6,Tired,"Sunny, Cloudy","Work, Lunch",Office Space,1,1,
08 August 2025 2:00:00 PM,2:00:00 PM,08-08-2025 14:00,6,Focused,Sunny,"Work, Prayer",Office Space,1,1,
08 August 2025 3:00:00 PM,3:00:00 PM,08-08-2025 15:00,4,Tired,"Sunny, Cloudy",Work,Office Space,1,1,
08 August 2025 4:00:00 PM,4:00:00 PM,08-08-2025 16:00,5,Tired,Sunny,"Work, Gaming",Office Space,5,1,
08 August 2025 5:00:00 PM,5:00:00 PM,08-08-2025 17:00,7,Happy,Sunny,Gaming,Gaming Room,6,0,
08 August 2025 6:00:00 PM,6:00:00 PM,08-08-2025 18:00,7,Happy,Sunny,Gaming,Gaming Room,6,0,
08 August 2025 7:00:00 PM,7:00:00 PM,08-08-2025 19:00,6,Hangry,Cloudy,Gaming,Gaming Room,6,0,
08 August 2025 8:00:00 PM,8:00:00 PM,08-08-2025 20:00,7,Hangry,Clear Skies,Chilling,Sitting room,1,0,
08 August 2025 9:00:00 PM,9:00:00 PM,08-08-2025 21:00,8,Happy,Clear Skies,Walk,Outdoors,1,0,
08 August 2025 10:00:00 PM,10:00:00 PM,08-08-2025 22:00,8,Happy,Clear Skies,Gaming,Gaming Room,1,0,
08 August 2025 11:00:00 PM,11:00:00 PM,08-08-2025 23:00,8,Happy,Clear Skies,Gaming,Gaming Room,1,0,
09 August 2025 9:00:00 AM,9:00:00 AM,09-08-2025 09:00,,,,,,,,
09 August 2025 10:00:00 AM,10:00:00 AM,09-08-2025 10:00,8,Tired,Cloudy,Sleep,Bedroom,1,0,
09 August 2025 11:00:00 AM,11:00:00 AM,09-08-2025 11:00,8,Happy,Cloudy,Groceries,Sainsburys,1,0,
09 August 2025 12:00:00 PM,12:00:00 PM,09-08-2025 12:00,7,Focused,Cloudy,Planning,Sitting Room,1,1,
09 August 2025 1:00:00 PM,1:00:00 PM,09-08-2025 13:00,7,Excited,Cloudy,Gaming,Gaming Room,1,0,
09 August 2025 2:00:00 PM,2:00:00 PM,09-08-2025 14:00,8,Energised,Sunny,Gaming,Gaming Room,1,0,
09 August 2025 3:00:00 PM,3:00:00 PM,09-08-2025 15:00,8,Excited,Sunny,Travel,Car,1,0,
09 August 2025 4:00:00 PM,4:00:00 PM,09-08-2025 16:00,8,Excited,Sunny,Travel,Train,1,0,
09 August 2025 5:00:00 PM,5:00:00 PM,09-08-2025 17:00,8,Happy,Sunny,Arcade,Arcade,1,0,
09 August 2025 6:00:00 PM,6:00:00 PM,09-08-2025 18:00,7,Fulfilled,Sunny,Eating,Food Court,1,0,
09 August 2025 7:00:00 PM,7:00:00 PM,09-08-2025 19:00,8,Happy,Sunny,Walk,Outdoors,1,0,
09 August 2025 8:00:00 PM,8:00:00 PM,09-08-2025 20:00,8,Excited,Clear Skies,Chilling,Sitting Room,1,0,
09 August 2025 9:00:00 PM,9:00:00 PM,09-08-2025 21:00,8,Excited,Clear Skies,Movie,Cinema,1,0,
09 August 2025 10:00:00 PM,10:00:00 PM,09-08-2025 22:00,8,Happy,Clear Skies,Movie,Cinema,1,0,
09 August 2025 11:00:00 PM,11:00:00 PM,09-08-2025 23:00,8,Fulfilled,Clear Skies,Movie,Cinema,1,0,
10 August 2025 9:00:00 AM,9:00:00 AM,10-08-2025 09:00,,,,,,,,
10 August 2025 10:00:00 AM,10:00:00 AM,10-08-2025 10:00,7,Tired,Sunny,Sleep,Bedroom,1,0,
10 August 2025 11:00:00 AM,11:00:00 AM,10-08-2025 11:00,7,Fulfilled,Sunny,Breakfast,Dining Room,1,0,
10 August 2025 12:00:00 PM,12:00:00 PM,10-08-2025 12:00,5,Tired,Sunny,Chilling,Sitting Room,1,0,
10 August 2025 1:00:00 PM,1:00:00 PM,10-08-2025 13:00,5,Tired,Sunny,Chilling,Sitting Room,1,0,
10 August 2025 2:00:00 PM,2:00:00 PM,10-08-2025 14:00,5,Tired,Sunny,Chilling,Sitting Room,1,0,
10 August 2025 3:00:00 PM,3:00:00 PM,10-08-2025 15:00,5,Tired,Cloudy,Chilling,Bedroom,1,0,
10 August 2025 4:00:00 PM,4:00:00 PM,10-08-2025 16:00,6,Tired,Sunny,Travel,Tfl,1,0,
10 August 2025 5:00:00 PM,5:00:00 PM,10-08-2025 17:00,8,Fulfilled,Sunny,Chilling,Waseem's Flat,1,0,
10 August 2025 6:00:00 PM,6:00:00 PM,10-08-2025 18:00,6,Tired,Sunny,Gaming,Waseem's Flat,1,0,
10 August 2025 7:00:00 PM,7:00:00 PM,10-08-2025 19:00,8,Energised,Sunny,Board Games,Waseem's Flat,1,0,
10 August 2025 8:00:00 PM,8:00:00 PM,10-08-2025 20:00,8,Fulfilled,Cloudy,Chilling,Waseem's Flat,1,0,
10 August 2025 9:00:00 PM,9:00:00 PM,10-08-2025 21:00,7,Happy,Clear Skies,Movie,Waseem's Flat,1,0,
10 August 2025 10:00:00 PM,10:00:00 PM,10-08-2025 22:00,7,Happy,Clear Skies,Movie,Waseem's Flat,1,0,
10 August 2025 11:00:00 PM,11:00:00 PM,10-08-2025 23:00,4,Tired,Clear Skies,Travel,Tfl,1,0,
11 August 2025 9:00:00 AM,9:00:00 AM,11-08-2025 09:00,7,Energised,Sunny,Sleep,Bedroom,1,0,
11 August 2025 10:00:00 AM,10:00:00 AM,11-08-2025 10:00,6,Tired,Sunny,Travel,Tfl,1,0,
11 August 2025 11:00:00 AM,11:00:00 AM,11-08-2025 11:00,7,Tired,Sunny,"Travel, Reading",National Rail,1,1,
11 August 2025 12:00:00 PM,12:00:00 PM,11-08-2025 12:00,7,Energised,Sunny,Walk,Outdoors,1,0,
11 August 2025 1:00:00 PM,1:00:00 PM,11-08-2025 13:00,7,Calm,Cloudy,Chilling,Office,1,1,
11 August 2025 2:00:00 PM,2:00:00 PM,11-08-2025 14:00,7,Calm,Cloudy,Walk,Outdoors,1,0,
11 August 2025 3:00:00 PM,3:00:00 PM,11-08-2025 15:00,3,Tired,Sunny,"Travel, Reading",National Rail,1,1,
11 August 2025 4:00:00 PM,4:00:00 PM,11-08-2025 16:00,5,Happy,Sunny,"Travel, Reading",Tfl,1,1,
11 August 2025 5:00:00 PM,5:00:00 PM,11-08-2025 17:00,8,Excited,Sunny,Walk,Outdoors,1,1,
11 August 2025 6:00:00 PM,6:00:00 PM,11-08-2025 18:00,7,Tired,Sunny,Shower,Bathroom,1,0,
11 August 2025 7:00:00 PM,7:00:00 PM,11-08-2025 19:00,7,Excited,Cloudy,Travel,In-laws,1,0,
11 August 2025 8:00:00 PM,8:00:00 PM,11-08-2025 20:00,6,Tired,Cloudy,Chilling,In-laws,1,0,
11 August 2025 9:00:00 PM,9:00:00 PM,11-08-2025 21:00,8,Calm,Cloudy,Chilling,In-Laws,1,0,
11 August 2025 10:00:00 PM,10:00:00 PM,11-08-2025 22:00,7,"Loved, Fulfilled",Cloudy,Groceries,Tesco,1,1,
11 August 2025 11:00:00 PM,11:00:00 PM,11-08-2025 23:00,8,"Loved, Fulfilled",Cloudy,Chilling,Bedroom,1,0,
12 August 2025 9:00:00 AM,9:00:00 AM,12-08-2025 09:00,7,Energised,Sunny,Sleep,Bedroom,1,0,
12 August 2025 10:00:00 AM,10:00:00 AM,12-08-2025 10:00,8,Tired,Sunny,Exercise,Bedroom,6,1,
12 August 2025 11:00:00 AM,11:00:00 AM,12-08-2025 11:00,8,Hangry,Sunny,Work,Office Space,8,0,
12 August 2025 12:00:00 PM,12:00:00 PM,12-08-2025 12:00,8,Fulfilled,"Sunny, Hot",Lunch,Sitting Room,1,0,
12 August 2025 1:00:00 PM,1:00:00 PM,12-08-2025 13:00,6,Tired,"Sunny, Hot",Work,Office Space,2,1,
12 August 2025 2:00:00 PM,2:00:00 PM,12-08-2025 14:00,4,"Tired, Fulfilled","Sunny, Hot",Work,Office Space ,1,2,
12 August 2025 3:00:00 PM,3:00:00 PM,12-08-2025 15:00,6,Tired,"Sunny, Hot",Work,Office Space,1,1,
12 August 2025 4:00:00 PM,4:00:00 PM,12-08-2025 16:00,8,Energised,"Sunny, Hot",Battleship,Bedroom,6,1,
12 August 2025 5:00:00 PM,5:00:00 PM,12-08-2025 17:00,6,Happy,"Sunny, Hot",Board Games,Bedroom,6,0,
12 August 2025 6:00:00 PM,6:00:00 PM,12-08-2025 18:00,8,"Happy, Excited",Sunny,Board Games,Bedroom,1,0,
12 August 2025 7:00:00 PM,7:00:00 PM,12-08-2025 19:00,8,"Happy, Excited",Sunny,Board Games,Bedroom,1,0,
12 August 2025 8:00:00 PM,8:00:00 PM,12-08-2025 20:00,8,"Happy, Excited",Sunny,Board Games,Bedroom,1,0,
12 August 2025 9:00:00 PM,9:00:00 PM,12-08-2025 21:00,7,"Happy, Tired",Sunny,Board Games,Bedroom,6,1,
12 August 2025 10:00:00 PM,10:00:00 PM,12-08-2025 22:00,6,"Happy, Excited",Clear Skies,Movie,Bedroom,1,1,
12 August 2025 11:00:00 PM,11:00:00 PM,12-08-2025 23:00,8,"Loved, Fulfilled",Clear Skies,Movie,Bedroom,1,1,
13 August 2025 9:00:00 AM,9:00:00 AM,13-08-2025 09:00,8,Calm,Cloudy,Sleep,Bedroom,1,0,
13 August 2025 10:00:00 AM,10:00:00 AM,13-08-2025 10:00,8,Energised,Gloomy,Exercise,Bedroom,1,1,
13 August 2025 11:00:00 AM,11:00:00 AM,13-08-2025 11:00,8,Happy,Cloudy,Work,Office Space,6,1,
13 August 2025 12:00:00 PM,12:00:00 PM,13-08-2025 12:00,6,Happy,Cloudy,Lunch,Sitting Room,10,0,
13 August 2025 1:00:00 PM,1:00:00 PM,13-08-2025 13:00,6,Happy,Cloudy,Work,Office Space,1,1,
13 August 2025 2:00:00 PM,2:00:00 PM,13-08-2025 14:00,5,Happy,Cloudy,Work,Office Space,1,2,
13 August 2025 3:00:00 PM,3:00:00 PM,13-08-2025 15:00,4,Tired,Gloomy,Gaming,Gaming Room,8,0,
13 August 2025 4:00:00 PM,4:00:00 PM,13-08-2025 16:00,4,Tired,Gloomy,Chilling,Bedroom,10,0,
13 August 2025 5:00:00 PM,5:00:00 PM,13-08-2025 17:00,4,Tired,Gloomy,Board Games,Bedroom,10,0,
13 August 2025 6:00:00 PM,6:00:00 PM,13-08-2025 18:00,5,Tired,Gloomy,Board Games,Bedroom,10,0,
13 August 2025 7:00:00 PM,7:00:00 PM,13-08-2025 19:00,4,Tired,Gloomy,Netflix,Bedroom,10,0,
13 August 2025 8:00:00 PM,8:00:00 PM,13-08-2025 20:00,6,Energised,Cloudy,Exploring,Leyton,1,1,
13 August 2025 9:00:00 PM,9:00:00 PM,13-08-2025 21:00,7,Energised,Clear Skies,Exploring,Leyton,1,0,
13 August 2025 10:00:00 PM,10:00:00 PM,13-08-2025 22:00,7,Energised,Clear Skies,Exploring,Leyton,1,0,
13 August 2025 11:00:00 PM,11:00:00 PM,13-08-2025 23:00,8,Fulfilled,Clear Skies,Reading,Bedroom,1,1,
14 August 2025 9:00:00 AM,9:00:00 AM,14-08-2025 09:00,8,Energised,Sunny,Sleep,Bedroom,1,0,
14 August 2025 10:00:00 AM,10:00:00 AM,14-08-2025 10:00,8,Focused,Sunny,Work,Office Space,1,1,
14 August 2025 11:00:00 AM,11:00:00 AM,14-08-2025 11:00,7,Happy,Sunny,Lunch,Dining Room,1,1,
14 August 2025 12:00:00 PM,12:00:00 PM,14-08-2025 12:00,7,Tired,Sunny,Work,Office Space,1,1,
14 August 2025 1:00:00 PM,1:00:00 PM,14-08-2025 13:00,6,Calm,Sunny,Work,Office Space,1,1,
14 August 2025 2:00:00 PM,2:00:00 PM,14-08-2025 14:00,7,Focused,Sunny,Work,Office Space,1,1,
14 August 2025 3:00:00 PM,3:00:00 PM,14-08-2025 15:00,7,Focused,Sunny,Work,Office Space,1,1,
14 August 2025 4:00:00 PM,4:00:00 PM,14-08-2025 16:00,7,Tired,Sunny,Gaming,Gaming Room,4,1,
14 August 2025 5:00:00 PM,5:00:00 PM,14-08-2025 17:00,6,Calm,Cloudy,Gaming,Gaming Room,10,0,
14 August 2025 6:00:00 PM,6:00:00 PM,14-08-2025 18:00,7,Calm,Cloudy,Chilling,In-laws,1,0,
14 August 2025 7:00:00 PM,7:00:00 PM,14-08-2025 19:00,7,Excited,Cloudy,Chilling,In-laws,1,0,
14 August 2025 8:00:00 PM,8:00:00 PM,14-08-2025 20:00,8,Energised,Clear Skies,Chilling,In-laws,1,0,
14 August 2025 9:00:00 PM,9:00:00 PM,14-08-2025 21:00,8,Energised,Clear Skies,Chilling,In-laws,1,0,
14 August 2025 10:00:00 PM,10:00:00 PM,14-08-2025 22:00,8,Excited,Clear Skies,Chilling,Ilford Lane,1,0,
14 August 2025 11:00:00 PM,11:00:00 PM,14-08-2025 23:00,8,Excited,Clear Skies,Chilling,Ilford Lane,1,0,
15 August 2025 9:00:00 AM,9:00:00 AM,15-08-2025 09:00,6,Tired,Cloudy,Sleep,Bedroom,1,0,
15 August 2025 10:00:00 AM,10:00:00 AM,15-08-2025 10:00,8,Focused,Sunny,Work,Office Space,1,2,
15 August 2025 11:00:00 AM,11:00:00 AM,15-08-2025 11:00,9,Happy,Sunny,Gaming,Gaming Room,5,0,
15 August 2025 12:00:00 PM,12:00:00 PM,15-08-2025 12:00,7,Happy,Sunny,Lunch,Dining Room,1,0,
15 August 2025 1:00:00 PM,1:00:00 PM,15-08-2025 13:00,6,Tired,Sunny,Work,Office Space,1,1,
15 August 2025 2:00:00 PM,2:00:00 PM,15-08-2025 14:00,6,Fulfilled,Sunny,Prayer,Mosque,1,0,
15 August 2025 3:00:00 PM,3:00:00 PM,15-08-2025 15:00,7,Excited,Sunny,Walk,Ilford Lane,1,2,
15 August 2025 4:00:00 PM,4:00:00 PM,15-08-2025 16:00,8,Excited,Cloudy,YouTube,Office Space,5,0,
15 August 2025 5:00:00 PM,5:00:00 PM,15-08-2025 17:00,8,Excited,Sunny,Driving,Friend's House,1,0,
15 August 2025 6:00:00 PM,6:00:00 PM,15-08-2025 18:00,8,Happy,Sunny,Chilling,Friend's House,1,0,
15 August 2025 7:00:00 PM,7:00:00 PM,15-08-2025 19:00,8,Happy,Sunny,Chilling,Friend's House,1,0,
15 August 2025 8:00:00 PM,8:00:00 PM,15-08-2025 20:00,8,Tired,Clear Skies,Chilling,Friend's House,1,0,
15 August 2025 9:00:00 PM,9:00:00 PM,15-08-2025 21:00,8,Tired,Clear Skies,Driving,Friend's House,1,0,
15 August 2025 10:00:00 PM,10:00:00 PM,15-08-2025 22:00,8,Energised,Clear Skies,Desk Setup,Office Space,1,1,
15 August 2025 11:00:00 PM,11:00:00 PM,15-08-2025 23:00,8,Excited,Clear Skies,Date Night,Bedroom,1,1,
16 August 2025 9:00:00 AM,9:00:00 AM,16-08-2025 09:00,,,,,,,,
16 August 2025 10:00:00 AM,10:00:00 AM,16-08-2025 10:00,,,,,,,,
16 August 2025 11:00:00 AM,11:00:00 AM,16-08-2025 11:00,7,Tired,Cloudy,Sleep,Bedroom,,,
16 August 2025 12:00:00 PM,12:00:00 PM,16-08-2025 12:00,8,Happy,Cloudy,Chilling,Bedroom,10,0,
16 August 2025 1:00:00 PM,1:00:00 PM,16-08-2025 13:00,8,Energised,Cloudy,Exercise,Bedroom,1,1,
16 August 2025 2:00:00 PM,2:00:00 PM,16-08-2025 14:00,8,Happy,Cloudy,Lunch,Dining Room,1,1,
16 August 2025 3:00:00 PM,3:00:00 PM,16-08-2025 15:00,8,Happy,Cloudy,Movie,Bedroom,1,0,
16 August 2025 4:00:00 PM,4:00:00 PM,16-08-2025 16:00,8,Fulfilled,Cloudy,Movie,Bedroom,1,0,
16 August 2025 5:00:00 PM,5:00:00 PM,16-08-2025 17:00,4,Energised,Cloudy,Nerf,Gaming Room,1,0,
16 August 2025 6:00:00 PM,6:00:00 PM,16-08-2025 18:00,6,Tired,Gloomy,Movie,Bedroom,1,0,
16 August 2025 7:00:00 PM,7:00:00 PM,16-08-2025 19:00,7,Tired,Gloomy,Movie,Bedroom,1,0,
16 August 2025 8:00:00 PM,8:00:00 PM,16-08-2025 20:00,9,Loved,Gloomy,Exercise,Bedroom,1,0,
16 August 2025 9:00:00 PM,9:00:00 PM,16-08-2025 21:00,7,Happy,Cloudy,Movie,Bedroom,1,0,
16 August 2025 10:00:00 PM,10:00:00 PM,16-08-2025 22:00,7,Happy,Cloudy,Documentary,Bedroom,1,1,
16 August 2025 11:00:00 PM,11:00:00 PM,16-08-2025 23:00,7,Energised,Cloudy,Documentary,Bedroom,1,1,
17 August 2025 9:00:00 AM,9:00:00 AM,17-08-2025 09:00,,,,,,,,
17 August 2025 10:00:00 AM,10:00:00 AM,17-08-2025 10:00,,,,,,,,
17 August 2025 11:00:00 AM,11:00:00 AM,17-08-2025 11:00,,,,,,,,
17 August 2025 12:00:00 PM,12:00:00 PM,17-08-2025 12:00,8,Happy,Cloudy,Sleep,Bedroom,1,0,
17 August 2025 1:00:00 PM,1:00:00 PM,17-08-2025 13:00,7,Energised,Sunny,Chilling,Bedroom,1,0,
17 August 2025 2:00:00 PM,2:00:00 PM,17-08-2025 14:00,7,Tired,Sunny,Lunch,Dining Room,1,0,
17 August 2025 3:00:00 PM,3:00:00 PM,17-08-2025 15:00,7,Excited,Sunny,Board Games ,Bedroom,1,0,
17 August 2025 4:00:00 PM,4:00:00 PM,17-08-2025 16:00,7,Excited,Sunny,Board Games ,Bedroom,1,0,
17 August 2025 5:00:00 PM,5:00:00 PM,17-08-2025 17:00,7,Excited,Cloudy,Football ,Sitting Room,1,0,
17 August 2025 6:00:00 PM,6:00:00 PM,17-08-2025 18:00,7,Excited,Cloudy,Football ,Sitting Room,1,0,
17 August 2025 7:00:00 PM,7:00:00 PM,17-08-2025 19:00,7,Fulfilled,Cloudy,Chilling,Bedroom,1,0,
17 August 2025 8:00:00 PM,8:00:00 PM,17-08-2025 20:00,6,Loved,Cloudy,Chilling,Bedroom,1,0,
17 August 2025 9:00:00 PM,9:00:00 PM,17-08-2025 21:00,8,Loved,Cloudy,Chilling,Bedroom,1,0,
17 August 2025 10:00:00 PM,10:00:00 PM,17-08-2025 22:00,7,Loved,Cloudy,Chilling,Bedroom,1,0,
17 August 2025 11:00:00 PM,11:00:00 PM,17-08-2025 23:00,9,Loved,Cloudy,Chilling,Bedroom,1,0,
18 August 2025 9:00:00 AM,9:00:00 AM,18-08-2025 09:00,9,Happy,Sunny,Gaming,Gaming Room,10,0,
18 August 2025 10:00:00 AM,10:00:00 AM,18-08-2025 10:00,8,Happy,Sunny,Chilling,Gaming Room,10,0,
18 August 2025 11:00:00 AM,11:00:00 AM,18-08-2025 11:00,8,Happy,Gloomy,Anime,Gaming Room,10,0,
18 August 2025 12:00:00 PM,12:00:00 PM,18-08-2025 12:00,7,Happy,Gloomy,Lunch,Dining Room,1,0,
18 August 2025 1:00:00 PM,1:00:00 PM,18-08-2025 13:00,8,Happy,Gloomy,Lunch,Dining Room,10,0,
18 August 2025 2:00:00 PM,2:00:00 PM,18-08-2025 14:00,7,Energised,Gloomy,Anime,Bedroom,10,0,
18 August 2025 3:00:00 PM,3:00:00 PM,18-08-2025 15:00,6,Energised,Gloomy,Anime,Bedroom,10,0,
18 August 2025 4:00:00 PM,4:00:00 PM,18-08-2025 16:00,7,Happy,Gloomy,Drama,Bedroom,10,0,
18 August 2025 5:00:00 PM,5:00:00 PM,18-08-2025 17:00,7,Angry,Gloomy,Personality Test,Bedroom,8,1,
18 August 2025 6:00:00 PM,6:00:00 PM,18-08-2025 18:00,4,Tired,Cloudy,Anime,Bedroom,10,0,
18 August 2025 7:00:00 PM,7:00:00 PM,18-08-2025 19:00,3,Tired,Cloudy,Dinner,Dining Room,1,0,
18 August 2025 8:00:00 PM,8:00:00 PM,18-08-2025 20:00,4,Tired,Cloudy,Anime,Bedroom,10,0,
18 August 2025 9:00:00 PM,9:00:00 PM,18-08-2025 21:00,5,Tired,Cloudy,Anime,Bedroom,10,0,
18 August 2025 10:00:00 PM,10:00:00 PM,18-08-2025 22:00,6,Tired,Cloudy,Anime,Bedroom,10,0,
18 August 2025 11:00:00 PM,11:00:00 PM,18-08-2025 23:00,6,Excited,Cloudy,Anime,Bedroom,10,0,
19 August 2025 9:00:00 AM,9:00:00 AM,19-08-2025 09:00,4,Tired,Cloudy,Sleep,Bedroom,1,0,
19 August 2025 10:00:00 AM,10:00:00 AM,19-08-2025 10:00,6,Energised,Cloudy,Anime,Bedroom,10,0,
19 August 2025 11:00:00 AM,11:00:00 AM,19-08-2025 11:00,8,Happy,Gloomy,Chilling,Bedroom,10,0,
19 August 2025 12:00:00 PM,12:00:00 PM,19-08-2025 12:00,6,Happy,Gloomy,Lunch,Dining Room,1,0,
19 August 2025 1:00:00 PM,1:00:00 PM,19-08-2025 13:00,7,Happy,Gloomy,Work,Office Space,1,1,Applying for jobs
19 August 2025 2:00:00 PM,2:00:00 PM,19-08-2025 14:00,6,Happy,Gloomy,Work,Office Space,1,1,DS Research for upskilling / portfolio
19 August 2025 3:00:00 PM,3:00:00 PM,19-08-2025 15:00,6,Frustrated,Gloomy,Reading,Bedroom,6,1,
19 August 2025 4:00:00 PM,4:00:00 PM,19-08-2025 16:00,7,Tired,Cloudy,Chilling,Beckton,8,1,
19 August 2025 5:00:00 PM,5:00:00 PM,19-08-2025 17:00,8,Happy,Cloudy,Chilling,Beckton,8,1,
19 August 2025 6:00:00 PM,6:00:00 PM,19-08-2025 18:00,8,Happy,Cloudy,Chilling,Beckton,1,1,
19 August 2025 7:00:00 PM,7:00:00 PM,19-08-2025 19:00,6,Happy,Cloudy,Chilling,Beckton,1,1,
19 August 2025 8:00:00 PM,8:00:00 PM,19-08-2025 20:00,6,Happy,Cloudy,Food,Dining Room,1,0,
19 August 2025 9:00:00 PM,9:00:00 PM,19-08-2025 21:00,4,Happy,Cloudy,Anime,Bedroom,1,0,
19 August 2025 10:00:00 PM,10:00:00 PM,19-08-2025 22:00,8,Happy,Cloudy,Anime,Bedroom,1,0,
19 August 2025 11:00:00 PM,11:00:00 PM,19-08-2025 23:00,8,Happy,Cloudy,TV,Bedroom,1,0,
20 August 2025 9:00:00 AM,9:00:00 AM,20-08-2025 09:00,7,Tired,Gloomy,Sleep,Bedroom,1,0,
20 August 2025 10:00:00 AM,10:00:00 AM,20-08-2025 10:00,6,Tired,Gloomy,"Work, Chilling",Bedroom,5,1,
20 August 2025 11:00:00 AM,11:00:00 AM,20-08-2025 11:00,8,Focused,Gloomy,Work,Office Space,5,1,
20 August 2025 12:00:00 PM,12:00:00 PM,20-08-2025 12:00,6,Tired,Gloomy,Lunch,Dining Room,1,0,
20 August 2025 1:00:00 PM,1:00:00 PM,20-08-2025 13:00,8,Focused,Gloomy,Work,Office Space,1,1,
20 August 2025 2:00:00 PM,2:00:00 PM,20-08-2025 14:00,8,Focused,Gloomy,Work,Office Space,1,1,
20 August 2025 3:00:00 PM,3:00:00 PM,20-08-2025 15:00,7,Focused,Gloomy,Work,Office Space,1,1,
20 August 2025 4:00:00 PM,4:00:00 PM,20-08-2025 16:00,7,Focused,Cloudy,Work,Office Space,1,1,
20 August 2025 5:00:00 PM,5:00:00 PM,20-08-2025 17:00,8,Hangry,Sunny,Work,Office Space,1,1,
20 August 2025 6:00:00 PM,6:00:00 PM,20-08-2025 18:00,8,Upset,Sunny,Food,Kitchen,1,1,
20 August 2025 7:00:00 PM,7:00:00 PM,20-08-2025 19:00,4,Numb,Sunny,Netflix,Bedroom,1,1,
20 August 2025 8:00:00 PM,8:00:00 PM,20-08-2025 20:00,4,Numb,Clear Skies,Chilling,Car,1,0,
20 August 2025 9:00:00 PM,9:00:00 PM,20-08-2025 21:00,4,Upset,Clear Skies,Chilling,Car,1,0,
20 August 2025 10:00:00 PM,10:00:00 PM,20-08-2025 22:00,4,Angry,Clear Skies,Prayer,Mosque,1,0,
20 August 2025 11:00:00 PM,11:00:00 PM,20-08-2025 23:00,4,Numb,Clear Skies,Gaming,Gaming Room,1,0,
21 August 2025 9:00:00 AM,9:00:00 AM,21-08-2025 09:00,4,Tired,Cloudy,Sleep,Bedroom,1,0,
21 August 2025 10:00:00 AM,10:00:00 AM,21-08-2025 10:00,6,Tired,Cloudy,Exercise,Bedroom,1,1,
21 August 2025 11:00:00 AM,11:00:00 AM,21-08-2025 11:00,6,Loved,Cloudy,"Work, Gaming",Office Space,5,2,
21 August 2025 12:00:00 PM,12:00:00 PM,21-08-2025 12:00,7,Energised,Cloudy,Lunch,Dining Room,1,0,
21 August 2025 1:00:00 PM,1:00:00 PM,21-08-2025 13:00,4,Tired,Cloudy,Chilling,Dining Room,8,1,
21 August 2025 2:00:00 PM,2:00:00 PM,21-08-2025 14:00,6,Tired,Cloudy,Gaming,Gaming Room,10,0,
21 August 2025 3:00:00 PM,3:00:00 PM,21-08-2025 15:00,6,Tired,Cloudy,Gaming,Gaming Room,10,0,
21 August 2025 4:00:00 PM,4:00:00 PM,21-08-2025 16:00,8,Excited,Cloudy,Planning,Office Space,5,1,
21 August 2025 5:00:00 PM,5:00:00 PM,21-08-2025 17:00,7,Excited,Cloudy,Chilling,In-Laws,1,0,
21 August 2025 6:00:00 PM,6:00:00 PM,21-08-2025 18:00,7,Happy,Cloudy,Chilling,In-Laws,1,0,
21 August 2025 7:00:00 PM,7:00:00 PM,21-08-2025 19:00,7,Happy,Clear Skies,Chilling,In-Laws,1,0,
21 August 2025 8:00:00 PM,8:00:00 PM,21-08-2025 20:00,7,Happy,Clear Skies,Chilling,In-Laws,1,0,
21 August 2025 9:00:00 PM,9:00:00 PM,21-08-2025 21:00,7,Happy,Clear Skies,Chilling,In-Laws,1,0,
21 August 2025 10:00:00 PM,10:00:00 PM,21-08-2025 22:00,6,Happy,Clear Skies,Chilling,In-Laws,1,0,
21 August 2025 11:00:00 PM,11:00:00 PM,21-08-2025 23:00,6,Happy,Clear Skies,Chilling,Bedroom,1,0,
22 August 2025 9:00:00 AM,9:00:00 AM,22-08-2025 09:00,4,Happy,Cloudy,Sleep,Bedroom,1,0,
22 August 2025 10:00:00 AM,10:00:00 AM,22-08-2025 10:00,8,Happy,Cloudy,Work,Office Space,5,2,
22 August 2025 11:00:00 AM,11:00:00 AM,22-08-2025 11:00,6,Happy,Cloudy,Work,Office Space,1,1,
22 August 2025 12:00:00 PM,12:00:00 PM,22-08-2025 12:00,7,Happy,Cloudy,Lunch,Dining Room,1,0,
22 August 2025 1:00:00 PM,1:00:00 PM,22-08-2025 13:00,8,Happy,Sunny,Shower,Bathroom,4,1,
22 August 2025 2:00:00 PM,2:00:00 PM,22-08-2025 14:00,7,Happy,Sunny,Prayer,Mosque,4,1,
22 August 2025 3:00:00 PM,3:00:00 PM,22-08-2025 15:00,7,Focused,Sunny,Work,Office Space,1,1,
22 August 2025 4:00:00 PM,4:00:00 PM,22-08-2025 16:00,9,Focused,Sunny,Work,Office Space,1,1,
22 August 2025 5:00:00 PM,5:00:00 PM,22-08-2025 17:00,8,Happy,Sunny,"Work, Gaming",Office Space,5,1,
22 August 2025 6:00:00 PM,6:00:00 PM,22-08-2025 18:00,7,Happy,Sunny,Gaming,Gaming Room,1,0,
22 August 2025 7:00:00 PM,7:00:00 PM,22-08-2025 19:00,8,Happy,Cloudy,Dinner,Dining Room,1,0,
22 August 2025 8:00:00 PM,8:00:00 PM,22-08-2025 20:00,8,Happy,Cloudy,TV,Bedroom,1,0,
22 August 2025 9:00:00 PM,9:00:00 PM,22-08-2025 21:00,6,Happy,Cloudy,TV,Bedroom,1,0,
22 August 2025 10:00:00 PM,10:00:00 PM,22-08-2025 22:00,6,Happy,Cloudy,TV,Bedroom,1,0,
22 August 2025 11:00:00 PM,11:00:00 PM,22-08-2025 23:00,6,Happy,Cloudy,TV,Bedroom,1,0,
23 August 2025 9:00:00 AM,9:00:00 AM,23-08-2025 09:00,,,,,,,,
23 August 2025 10:00:00 AM,10:00:00 AM,23-08-2025 10:00,8,Happy,Cloudy,Sleep,Bedroom,1,0,
23 August 2025 11:00:00 AM,11:00:00 AM,23-08-2025 11:00,8,Happy,Cloudy,Chilling,Bedroom,1,0,
23 August 2025 12:00:00 PM,12:00:00 PM,23-08-2025 12:00,8,Tired,Cloudy,Lunch,Dining Room,1,0,
23 August 2025 1:00:00 PM,1:00:00 PM,23-08-2025 13:00,6,Angry,Cloudy,Chilling,Sitting Room,1,0,
23 August 2025 2:00:00 PM,2:00:00 PM,23-08-2025 14:00,6,Frustrated,Cloudy,Chilling,Bedroom,1,0,
23 August 2025 3:00:00 PM,3:00:00 PM,23-08-2025 15:00,8,Happy,Cloudy,Gaming,Gaming Room,1,0,
23 August 2025 4:00:00 PM,4:00:00 PM,23-08-2025 16:00,8,Happy,Cloudy,Chilling,Dagenham Bowl,1,0,
23 August 2025 5:00:00 PM,5:00:00 PM,23-08-2025 17:00,8,Happy,Cloudy,Chilling,Dagenham Bowl,1,0,
23 August 2025 6:00:00 PM,6:00:00 PM,23-08-2025 18:00,6,Happy,Cloudy,Food,Wingstop,1,0,
23 August 2025 7:00:00 PM,7:00:00 PM,23-08-2025 19:00,6,Happy,Cloudy,TV,Bedroom,1,0,
23 August 2025 8:00:00 PM,8:00:00 PM,23-08-2025 20:00,6,Happy,Cloudy,TV,Bedroom,1,0,
23 August 2025 9:00:00 PM,9:00:00 PM,23-08-2025 21:00,7,Happy,Cloudy,TV,Bedroom,1,0,
23 August 2025 10:00:00 PM,10:00:00 PM,23-08-2025 22:00,7,Happy,Cloudy,TV,Bedroom,1,0,
23 August 2025 11:00:00 PM,11:00:00 PM,23-08-2025 23:00,7,Happy,Cloudy,TV,Bedroom,1,0,
24 August 2025 9:00:00 AM,9:00:00 AM,24-08-2025 09:00,,,,,,,,
24 August 2025 10:00:00 AM,10:00:00 AM,24-08-2025 10:00,,,,,,,,
24 August 2025 11:00:00 AM,11:00:00 AM,24-08-2025 11:00,4,Tired,Sunny,Sleep,Bedroom,1,0,
24 August 2025 12:00:00 PM,12:00:00 PM,24-08-2025 12:00,7,Excited,Sunny,Chilling,Bedroom,1,0,
24 August 2025 1:00:00 PM,1:00:00 PM,24-08-2025 13:00,4,Tired,Sunny,Lunch,Dining Room,1,0,
24 August 2025 2:00:00 PM,2:00:00 PM,24-08-2025 14:00,5,Tired,Sunny,Chilling,Bedroom,1,0,
24 August 2025 3:00:00 PM,3:00:00 PM,24-08-2025 15:00,5,Tired,Cloudy,Chilling,Bedroom,1,0,
24 August 2025 4:00:00 PM,4:00:00 PM,24-08-2025 16:00,5,Tired,Gloomy,Gaming,Gaming Room,1,0,
24 August 2025 5:00:00 PM,5:00:00 PM,24-08-2025 17:00,6,Tired,Cloudy,Chilling,Bedroom,1,0,
24 August 2025 6:00:00 PM,6:00:00 PM,24-08-2025 18:00,6,Tired,Cloudy,Reading,Dining Room,1,0,
24 August 2025 7:00:00 PM,7:00:00 PM,24-08-2025 19:00,7,Tired,Cloudy,"Reading, Chilling",Dining Room,1,0,
24 August 2025 8:00:00 PM,8:00:00 PM,24-08-2025 20:00,7,Tired,Cloudy,Dinner,Dining Room,1,0,
24 August 2025 9:00:00 PM,9:00:00 PM,24-08-2025 21:00,7,Tired,Cloudy,Chilling,Bedroom,1,0,
24 August 2025 10:00:00 PM,10:00:00 PM,24-08-2025 22:00,7,Tired,Cloudy,Movie,Bedroom,1,0,
24 August 2025 11:00:00 PM,11:00:00 PM,24-08-2025 23:00,7,Tired,Cloudy,Movie,Bedroom,1,0,
25 August 2025 9:00:00 AM,9:00:00 AM,25-08-2025 09:00,,,,,,1,0,
25 August 2025 10:00:00 AM,10:00:00 AM,25-08-2025 10:00,4,Tired,Sunny,Chilling,Bedroom,1,0,
25 August 2025 11:00:00 AM,11:00:00 AM,25-08-2025 11:00,4,Tired,Sunny,Breakfast,Dining Room,1,0,
25 August 2025 12:00:00 PM,12:00:00 PM,25-08-2025 12:00,4,Tired,Sunny,Shower,Bathroom,1,0,
25 August 2025 1:00:00 PM,1:00:00 PM,25-08-2025 13:00,5,Tired,Sunny,Chilling,Bedroom,1,0,
25 August 2025 2:00:00 PM,2:00:00 PM,25-08-2025 14:00,6,Tired,Sunny,Travel,Tfl,1,0,
25 August 2025 3:00:00 PM,3:00:00 PM,25-08-2025 15:00,8,Excited,Sunny,Museum,South Kensington,1,0,
25 August 2025 4:00:00 PM,4:00:00 PM,25-08-2025 16:00,7,Happy,Sunny,Museum,South Kensington,1,0,
25 August 2025 5:00:00 PM,5:00:00 PM,25-08-2025 17:00,4,Tired,Sunny,Walk,London,1,0,
25 August 2025 6:00:00 PM,6:00:00 PM,25-08-2025 18:00,4,Tired,Sunny,Travel,Tfl,1,0,
25 August 2025 7:00:00 PM,7:00:00 PM,25-08-2025 19:00,6,Tired,Sunny,Chilling,Bedroom,1,0,
25 August 2025 8:00:00 PM,8:00:00 PM,25-08-2025 20:00,6,Fulfilled,Clear Skies,Chilling,Bedroom,1,0,
25 August 2025 9:00:00 PM,9:00:00 PM,25-08-2025 21:00,6,Fulfilled,Clear Skies,Chilling,Bedroom,1,0,
25 August 2025 10:00:00 PM,10:00:00 PM,25-08-2025 22:00,6,Fulfilled,Clear Skies,Chilling,Bedroom,1,0,
25 August 2025 11:00:00 PM,11:00:00 PM,25-08-2025 23:00,4,Happy,Clear Skies,Gaming,Gaming Room,1,0,
26 August 2025 9:00:00 AM,9:00:00 AM,26-08-2025 09:00,4,Tired,"Sunny, Cloudy",Sleep,Bedroom,1,0,
26 August 2025 10:00:00 AM,10:00:00 AM,26-08-2025 10:00,8,Focused,"Sunny, Cloudy",Work,Office Space,1,1,
26 August 2025 11:00:00 AM,11:00:00 AM,26-08-2025 11:00,7,Energised,"Sunny, Cloudy",Work,Office Space,1,1,
26 August 2025 12:00:00 PM,12:00:00 PM,26-08-2025 12:00,8,Energised,Cloudy,Lunch,Dining Room,1,0,
26 August 2025 1:00:00 PM,1:00:00 PM,26-08-2025 13:00,8,Focused,Cloudy,Work,Office Space,1,1,
26 August 2025 2:00:00 PM,2:00:00 PM,26-08-2025 14:00,8,Focused,Cloudy,Work,Office Space,1,1,
26 August 2025 3:00:00 PM,3:00:00 PM,26-08-2025 15:00,7,Energised,Sunny,"Work, Gaming",Office Space,5,1,
26 August 2025 4:00:00 PM,4:00:00 PM,26-08-2025 16:00,7,Energised,Cloudy,"Work, Gaming",Office Space,5,1,
26 August 2025 5:00:00 PM,5:00:00 PM,26-08-2025 17:00,8,Energised,Cloudy,Gaming,Gaming Room,1,0,
26 August 2025 6:00:00 PM,6:00:00 PM,26-08-2025 18:00,8,Energised,Cloudy,Gaming,Gaming Room,1,0,
26 August 2025 7:00:00 PM,7:00:00 PM,26-08-2025 19:00,8,Happy,Cloudy,"Dinner, Gaming",Gaming Room,1,0,
26 August 2025 8:00:00 PM,8:00:00 PM,26-08-2025 20:00,7,Happy,Cloudy,"Gaming, YouTube",Gaming Room,1,0,
26 August 2025 9:00:00 PM,9:00:00 PM,26-08-2025 21:00,7,Happy,Cloudy,YouTube,Bedroom,1,0,
26 August 2025 10:00:00 PM,10:00:00 PM,26-08-2025 22:00,7,Happy,Cloudy,YouTube,Bedroom,1,0,
26 August 2025 11:00:00 PM,11:00:00 PM,26-08-2025 23:00,6,Happy,Cloudy,Reading,Bedroom,1,1,
27 August 2025 9:00:00 AM,9:00:00 AM,27-08-2025 09:00,7,Tired,Cloudy,Sleep,Bedroom,1,0,
27 August 2025 10:00:00 AM,10:00:00 AM,27-08-2025 10:00,8,Energised,Cloudy,Chilling,Office Space,10,0,
27 August 2025 11:00:00 AM,11:00:00 AM,27-08-2025 11:00,8,Energised,Cloudy,Chilling,Office Space,8,1,
27 August 2025 12:00:00 PM,12:00:00 PM,27-08-2025 12:00,6,Excited,Cloudy,Lunch,Dining Room,1,0,
27 August 2025 1:00:00 PM,1:00:00 PM,27-08-2025 13:00,6,Bored,Cloudy,"Shower, Plan",Office Space,3,2,
27 August 2025 2:00:00 PM,2:00:00 PM,27-08-2025 14:00,8,Energised,Cloudy,Work,Office Space,1,1,
27 August 2025 3:00:00 PM,3:00:00 PM,27-08-2025 15:00,,,,,,,,
27 August 2025 4:00:00 PM,4:00:00 PM,27-08-2025 16:00,,,,,,,,
27 August 2025 5:00:00 PM,5:00:00 PM,27-08-2025 17:00,,,,,,,,
27 August 2025 6:00:00 PM,6:00:00 PM,27-08-2025 18:00,,,,,,,,
27 August 2025 7:00:00 PM,7:00:00 PM,27-08-2025 19:00,,,,,,,,
27 August 2025 8:00:00 PM,8:00:00 PM,27-08-2025 20:00,,,,,,,,
27 August 2025 9:00:00 PM,9:00:00 PM,27-08-2025 21:00,,,,,,,,
27 August 2025 10:00:00 PM,10:00:00 PM,27-08-2025 22:00,,,,,,,,
27 August 2025 11:00:00 PM,11:00:00 PM,27-08-2025 23:00,,,,,,,,
28 August 2025 9:00:00 AM,9:00:00 AM,28-08-2025 09:00,,,,,,,,
28 August 2025 10:00:00 AM,10:00:00 AM,28-08-2025 10:00,,,,,,,,
28 August 2025 11:00:00 AM,11:00:00 AM,28-08-2025 11:00,,,,,,,,
28 August 2025 12:00:00 PM,12:00:00 PM,28-08-2025 12:00,,,,,,,,
28 August 2025 1:00:00 PM,1:00:00 PM,28-08-2025 13:00,,,,,,,,
28 August 2025 2:00:00 PM,2:00:00 PM,28-08-2025 14:00,,,,,,,,
28 August 2025 3:00:00 PM,3:00:00 PM,28-08-2025 15:00,,,,,,,,
28 August 2025 4:00:00 PM,4:00:00 PM,28-08-2025 16:00,,,,,,,,
28 August 2025 5:00:00 PM,5:00:00 PM,28-08-2025 17:00,,,,,,,,
28 August 2025 6:00:00 PM,6:00:00 PM,28-08-2025 18:00,,,,,,,,
28 August 2025 7:00:00 PM,7:00:00 PM,28-08-2025 19:00,,,,,,,,
28 August 2025 8:00:00 PM,8:00:00 PM,28-08-2025 20:00,,,,,,,,
28 August 2025 9:00:00 PM,9:00:00 PM,28-08-2025 21:00,,,,,,,,
28 August 2025 10:00:00 PM,10:00:00 PM,28-08-2025 22:00,,,,,,,,
28 August 2025 11:00:00 PM,11:00:00 PM,28-08-2025 23:00,,,,,,,,
29 August 2025 9:00:00 AM,9:00:00 AM,29-08-2025 09:00,,,,,,,,
29 August 2025 10:00:00 AM,10:00:00 AM,29-08-2025 10:00,,,,,,,,
29 August 2025 11:00:00 AM,11:00:00 AM,29-08-2025 11:00,,,,,,,,
29 August 2025 12:00:00 PM,12:00:00 PM,29-08-2025 12:00,,,,,,,,
29 August 2025 1:00:00 PM,1:00:00 PM,29-08-2025 13:00,,,,,,,,
29 August 2025 2:00:00 PM,2:00:00 PM,29-08-2025 14:00,,,,,,,,
29 August 2025 3:00:00 PM,3:00:00 PM,29-08-2025 15:00,,,,,,,,
29 August 2025 4:00:00 PM,4:00:00 PM,29-08-2025 16:00,,,,,,,,
29 August 2025 5:00:00 PM,5:00:00 PM,29-08-2025 17:00,,,,,,,,
29 August 2025 6:00:00 PM,6:00:00 PM,29-08-2025 18:00,,,,,,,,
29 August 2025 7:00:00 PM,7:00:00 PM,29-08-2025 19:00,,,,,,,,
29 August 2025 8:00:00 PM,8:00:00 PM,29-08-2025 20:00,,,,,,,,
29 August 2025 9:00:00 PM,9:00:00 PM,29-08-2025 21:00,,,,,,,,
29 August 2025 10:00:00 PM,10:00:00 PM,29-08-2025 22:00,,,,,,,,
29 August 2025 11:00:00 PM,11:00:00 PM,29-08-2025 23:00,,,,,,,,
30 August 2025 9:00:00 AM,9:00:00 AM,30-08-2025 09:00,,,,,,,,
30 August 2025 10:00:00 AM,10:00:00 AM,30-08-2025 10:00,,,,,,,,
30 August 2025 11:00:00 AM,11:00:00 AM,30-08-2025 11:00,,,,,,,,
30 August 2025 12:00:00 PM,12:00:00 PM,30-08-2025 12:00,,,,,,,,
30 August 2025 1:00:00 PM,1:00:00 PM,30-08-2025 13:00,,,,,,,,
30 August 2025 2:00:00 PM,2:00:00 PM,30-08-2025 14:00,,,,,,,,
30 August 2025 3:00:00 PM,3:00:00 PM,30-08-2025 15:00,,,,,,,,
30 August 2025 4:00:00 PM,4:00:00 PM,30-08-2025 16:00,,,,,,,,
30 August 2025 5:00:00 PM,5:00:00 PM,30-08-2025 17:00,,,,,,,,
30 August 2025 6:00:00 PM,6:00:00 PM,30-08-2025 18:00,,,,,,,,
30 August 2025 7:00:00 PM,7:00:00 PM,30-08-2025 19:00,,,,,,,,
30 August 2025 8:00:00 PM,8:00:00 PM,30-08-2025 20:00,,,,,,,,
30 August 2025 9:00:00 PM,9:00:00 PM,30-08-2025 21:00,,,,,,,,
30 August 2025 10:00:00 PM,10:00:00 PM,30-08-2025 22:00,,,,,,,,
30 August 2025 11:00:00 PM,11:00:00 PM,30-08-2025 23:00,,,,,,,,
31 August 2025 9:00:00 AM,9:00:00 AM,31-08-2025 09:00,,,,,,,,
31 August 2025 10:00:00 AM,10:00:00 AM,31-08-2025 10:00,,,,,,,,
31 August 2025 11:00:00 AM,11:00:00 AM,31-08-2025 11:00,,,,,,,,
31 August 2025 12:00:00 PM,12:00:00 PM,31-08-2025 12:00,,,,,,,,
31 August 2025 1:00:00 PM,1:00:00 PM,31-08-2025 13:00,,,,,,,,
31 August 2025 2:00:00 PM,2:00:00 PM,31-08-2025 14:00,,,,,,,,
31 August 2025 3:00:00 PM,3:00:00 PM,31-08-2025 15:00,,,,,,,,
31 August 2025 4:00:00 PM,4:00:00 PM,31-08-2025 16:00,,,,,,,,
31 August 2025 5:00:00 PM,5:00:00 PM,31-08-2025 17:00,,,,,,,,
31 August 2025 6:00:00 PM,6:00:00 PM,31-08-2025 18:00,,,,,,,,
31 August 2025 7:00:00 PM,7:00:00 PM,31-08-2025 19:00,,,,,,,,
31 August 2025 8:00:00 PM,8:00:00 PM,31-08-2025 20:00,,,,,,,,
31 August 2025 9:00:00 PM,9:00:00 PM,31-08-2025 21:00,,,,,,,,
31 August 2025 10:00:00 PM,10:00:00 PM,31-08-2025 22:00,,,,,,,,
31 August 2025 11:00:00 PM,11:00:00 PM,31-08-2025 23:00,,,,,,,,
01 September 2025 9:00:00 AM,9:00:00 AM,01-09-2025 09:00,,,,,,,,
01 September 2025 10:00:00 AM,10:00:00 AM,01-09-2025 10:00,,,,,,,,
01 September 2025 11:00:00 AM,11:00:00 AM,01-09-2025 11:00,,,,,,,,
01 September 2025 12:00:00 PM,12:00:00 PM,01-09-2025 12:00,,,,,,,,
01 September 2025 1:00:00 PM,1:00:00 PM,01-09-2025 13:00,,,,,,,,
01 September 2025 2:00:00 PM,2:00:00 PM,01-09-2025 14:00,,,,,,,,
01 September 2025 3:00:00 PM,3:00:00 PM,01-09-2025 15:00,,,,,,,,
01 September 2025 4:00:00 PM,4:00:00 PM,01-09-2025 16:00,,,,,,,,
01 September 2025 5:00:00 PM,5:00:00 PM,01-09-2025 17:00,,,,,,,,
01 September 2025 6:00:00 PM,6:00:00 PM,01-09-2025 18:00,,,,,,,,
01 September 2025 7:00:00 PM,7:00:00 PM,01-09-2025 19:00,,,,,,,,
01 September 2025 8:00:00 PM,8:00:00 PM,01-09-2025 20:00,,,,,,,,
01 September 2025 9:00:00 PM,9:00:00 PM,01-09-2025 21:00,,,,,,,,
01 September 2025 10:00:00 PM,10:00:00 PM,01-09-2025 22:00,,,,,,,,
01 September 2025 11:00:00 PM,11:00:00 PM,01-09-2025 23:00,,,,,,,,
02 September 2025 9:00:00 AM,9:00:00 AM,02-09-2025 09:00,,,,,,,,
02 September 2025 10:00:00 AM,10:00:00 AM,02-09-2025 10:00,,,,,,,,
02 September 2025 11:00:00 AM,11:00:00 AM,02-09-2025 11:00,,,,,,,,
02 September 2025 12:00:00 PM,12:00:00 PM,02-09-2025 12:00,,,,,,,,
02 September 2025 1:00:00 PM,1:00:00 PM,02-09-2025 13:00,,,,,,,,
02 September 2025 2:00:00 PM,2:00:00 PM,02-09-2025 14:00,,,,,,,,
02 September 2025 3:00:00 PM,3:00:00 PM,02-09-2025 15:00,,,,,,,,
02 September 2025 4:00:00 PM,4:00:00 PM,02-09-2025 16:00,,,,,,,,
02 September 2025 5:00:00 PM,5:00:00 PM,02-09-2025 17:00,,,,,,,,
02 September 2025 6:00:00 PM,6:00:00 PM,02-09-2025 18:00,,,,,,,,
02 September 2025 7:00:00 PM,7:00:00 PM,02-09-2025 19:00,,,,,,,,
02 September 2025 8:00:00 PM,8:00:00 PM,02-09-2025 20:00,,,,,,,,
02 September 2025 9:00:00 PM,9:00:00 PM,02-09-2025 21:00,,,,,,,,
02 September 2025 10:00:00 PM,10:00:00 PM,02-09-2025 22:00,,,,,,,,
02 September 2025 11:00:00 PM,11:00:00 PM,02-09-2025 23:00,,,,,,,,
03 September 2025 9:00:00 AM,9:00:00 AM,03-09-2025 09:00,,,,,,,,
03 September 2025 10:00:00 AM,10:00:00 AM,03-09-2025 10:00,,,,,,,,
03 September 2025 11:00:00 AM,11:00:00 AM,03-09-2025 11:00,,,,,,,,
03 September 2025 12:00:00 PM,12:00:00 PM,03-09-2025 12:00,,,,,,,,
03 September 2025 1:00:00 PM,1:00:00 PM,03-09-2025 13:00,,,,,,,,
03 September 2025 2:00:00 PM,2:00:00 PM,03-09-2025 14:00,,,,,,,,
03 September 2025 3:00:00 PM,3:00:00 PM,03-09-2025 15:00,,,,,,,,
03 September 2025 4:00:00 PM,4:00:00 PM,03-09-2025 16:00,,,,,,,,
03 September 2025 5:00:00 PM,5:00:00 PM,03-09-2025 17:00,,,,,,,,
03 September 2025 6:00:00 PM,6:00:00 PM,03-09-2025 18:00,,,,,,,,
03 September 2025 7:00:00 PM,7:00:00 PM,03-09-2025 19:00,,,,,,,,
03 September 2025 8:00:00 PM,8:00:00 PM,03-09-2025 20:00,,,,,,,,
03 September 2025 9:00:00 PM,9:00:00 PM,03-09-2025 21:00,,,,,,,,
03 September 2025 10:00:00 PM,10:00:00 PM,03-09-2025 22:00,,,,,,,,
03 September 2025 11:00:00 PM,11:00:00 PM,03-09-2025 23:00,,,,,,,,
04 September 2025 9:00:00 AM,9:00:00 AM,04-09-2025 09:00,,,,,,,,
04 September 2025 10:00:00 AM,10:00:00 AM,04-09-2025 10:00,,,,,,,,
04 September 2025 11:00:00 AM,11:00:00 AM,04-09-2025 11:00,,,,,,,,
04 September 2025 12:00:00 PM,12:00:00 PM,04-09-2025 12:00,,,,,,,,
04 September 2025 1:00:00 PM,1:00:00 PM,04-09-2025 13:00,,,,,,,,
04 September 2025 2:00:00 PM,2:00:00 PM,04-09-2025 14:00,,,,,,,,
04 September 2025 3:00:00 PM,3:00:00 PM,04-09-2025 15:00,,,,,,,,
04 September 2025 4:00:00 PM,4:00:00 PM,04-09-2025 16:00,,,,,,,,
04 September 2025 5:00:00 PM,5:00:00 PM,04-09-2025 17:00,,,,,,,,
04 September 2025 6:00:00 PM,6:00:00 PM,04-09-2025 18:00,,,,,,,,
04 September 2025 7:00:00 PM,7:00:00 PM,04-09-2025 19:00,,,,,,,,
04 September 2025 8:00:00 PM,8:00:00 PM,04-09-2025 20:00,,,,,,,,
04 September 2025 9:00:00 PM,9:00:00 PM,04-09-2025 21:00,,,,,,,,
04 September 2025 10:00:00 PM,10:00:00 PM,04-09-2025 22:00,,,,,,,,
04 September 2025 11:00:00 PM,11:00:00 PM,04-09-2025 23:00,,,,,,,,
05 September 2025 9:00:00 AM,9:00:00 AM,05-09-2025 09:00,,,,,,,,
05 September 2025 10:00:00 AM,10:00:00 AM,05-09-2025 10:00,,,,,,,,
05 September 2025 11:00:00 AM,11:00:00 AM,05-09-2025 11:00,,,,,,,,
05 September 2025 12:00:00 PM,12:00:00 PM,05-09-2025 12:00,,,,,,,,
05 September 2025 1:00:00 PM,1:00:00 PM,05-09-2025 13:00,,,,,,,,
05 September 2025 2:00:00 PM,2:00:00 PM,05-09-2025 14:00,,,,,,,,
05 September 2025 3:00:00 PM,3:00:00 PM,05-09-2025 15:00,,,,,,,,
05 September 2025 4:00:00 PM,4:00:00 PM,05-09-2025 16:00,,,,,,,,
05 September 2025 5:00:00 PM,5:00:00 PM,05-09-2025 17:00,,,,,,,,
05 September 2025 6:00:00 PM,6:00:00 PM,05-09-2025 18:00,,,,,,,,
05 September 2025 7:00:00 PM,7:00:00 PM,05-09-2025 19:00,,,,,,,,
05 September 2025 8:00:00 PM,8:00:00 PM,05-09-2025 20:00,,,,,,,,
05 September 2025 9:00:00 PM,9:00:00 PM,05-09-2025 21:00,,,,,,,,
05 September 2025 10:00:00 PM,10:00:00 PM,05-09-2025 22:00,,,,,,,,
05 September 2025 11:00:00 PM,11:00:00 PM,05-09-2025 23:00,,,,,,,,
06 September 2025 9:00:00 AM,9:00:00 AM,06-09-2025 09:00,,,,,,,,
06 September 2025 10:00:00 AM,10:00:00 AM,06-09-2025 10:00,,,,,,,,
06 September 2025 11:00:00 AM,11:00:00 AM,06-09-2025 11:00,,,,,,,,
06 September 2025 12:00:00 PM,12:00:00 PM,06-09-2025 12:00,,,,,,,,
06 September 2025 1:00:00 PM,1:00:00 PM,06-09-2025 13:00,,,,,,,,
06 September 2025 2:00:00 PM,2:00:00 PM,06-09-2025 14:00,,,,,,,,
06 September 2025 3:00:00 PM,3:00:00 PM,06-09-2025 15:00,,,,,,,,
06 September 2025 4:00:00 PM,4:00:00 PM,06-09-2025 16:00,,,,,,,,
06 September 2025 5:00:00 PM,5:00:00 PM,06-09-2025 17:00,,,,,,,,
06 September 2025 6:00:00 PM,6:00:00 PM,06-09-2025 18:00,,,,,,,,
06 September 2025 7:00:00 PM,7:00:00 PM,06-09-2025 19:00,,,,,,,,
06 September 2025 8:00:00 PM,8:00:00 PM,06-09-2025 20:00,,,,,,,,
06 September 2025 9:00:00 PM,9:00:00 PM,06-09-2025 21:00,,,,,,,,
06 September 2025 10:00:00 PM,10:00:00 PM,06-09-2025 22:00,,,,,,,,
06 September 2025 11:00:00 PM,11:00:00 PM,06-09-2025 23:00,,,,,,,,
07 September 2025 9:00:00 AM,9:00:00 AM,07-09-2025 09:00,,,,,,,,
07 September 2025 10:00:00 AM,10:00:00 AM,07-09-2025 10:00,,,,,,,,
07 September 2025 11:00:00 AM,11:00:00 AM,07-09-2025 11:00,,,,,,,,
07 September 2025 12:00:00 PM,12:00:00 PM,07-09-2025 12:00,,,,,,,,
07 September 2025 1:00:00 PM,1:00:00 PM,07-09-2025 13:00,,,,,,,,
07 September 2025 2:00:00 PM,2:00:00 PM,07-09-2025 14:00,,,,,,,,
07 September 2025 3:00:00 PM,3:00:00 PM,07-09-2025 15:00,,,,,,,,
07 September 2025 4:00:00 PM,4:00:00 PM,07-09-2025 16:00,,,,,,,,
07 September 2025 5:00:00 PM,5:00:00 PM,07-09-2025 17:00,,,,,,,,
07 September 2025 6:00:00 PM,6:00:00 PM,07-09-2025 18:00,,,,,,,,
07 September 2025 7:00:00 PM,7:00:00 PM,07-09-2025 19:00,,,,,,,,
07 September 2025 8:00:00 PM,8:00:00 PM,07-09-2025 20:00,,,,,,,,
07 September 2025 9:00:00 PM,9:00:00 PM,07-09-2025 21:00,,,,,,,,
07 September 2025 10:00:00 PM,10:00:00 PM,07-09-2025 22:00,,,,,,,,
07 September 2025 11:00:00 PM,11:00:00 PM,07-09-2025 23:00,,,,,,,,
08 September 2025 9:00:00 AM,9:00:00 AM,08-09-2025 09:00,,,,,,,,
08 September 2025 10:00:00 AM,10:00:00 AM,08-09-2025 10:00,,,,,,,,
08 September 2025 11:00:00 AM,11:00:00 AM,08-09-2025 11:00,,,,,,,,
08 September 2025 12:00:00 PM,12:00:00 PM,08-09-2025 12:00,,,,,,,,
08 September 2025 1:00:00 PM,1:00:00 PM,08-09-2025 13:00,,,,,,,,
08 September 2025 2:00:00 PM,2:00:00 PM,08-09-2025 14:00,,,,,,,,
08 September 2025 3:00:00 PM,3:00:00 PM,08-09-2025 15:00,,,,,,,,
08 September 2025 4:00:00 PM,4:00:00 PM,08-09-2025 16:00,,,,,,,,
08 September 2025 5:00:00 PM,5:00:00 PM,08-09-2025 17:00,,,,,,,,
08 September 2025 6:00:00 PM,6:00:00 PM,08-09-2025 18:00,,,,,,,,
08 September 2025 7:00:00 PM,7:00:00 PM,08-09-2025 19:00,,,,,,,,
08 September 2025 8:00:00 PM,8:00:00 PM,08-09-2025 20:00,,,,,,,,
08 September 2025 9:00:00 PM,9:00:00 PM,08-09-2025 21:00,,,,,,,,
08 September 2025 10:00:00 PM,10:00:00 PM,08-09-2025 22:00,,,,,,,,
08 September 2025 11:00:00 PM,11:00:00 PM,08-09-2025 23:00,,,,,,,,
09 September 2025 9:00:00 AM,9:00:00 AM,09-09-2025 09:00,,,,,,,,
09 September 2025 10:00:00 AM,10:00:00 AM,09-09-2025 10:00,,,,,,,,
09 September 2025 11:00:00 AM,11:00:00 AM,09-09-2025 11:00,,,,,,,,
09 September 2025 12:00:00 PM,12:00:00 PM,09-09-2025 12:00,,,,,,,,
09 September 2025 1:00:00 PM,1:00:00 PM,09-09-2025 13:00,,,,,,,,
09 September 2025 2:00:00 PM,2:00:00 PM,09-09-2025 14:00,,,,,,,,
09 September 2025 3:00:00 PM,3:00:00 PM,09-09-2025 15:00,,,,,,,,
09 September 2025 4:00:00 PM,4:00:00 PM,09-09-2025 16:00,,,,,,,,
09 September 2025 5:00:00 PM,5:00:00 PM,09-09-2025 17:00,,,,,,,,
09 September 2025 6:00:00 PM,6:00:00 PM,09-09-2025 18:00,,,,,,,,
09 September 2025 7:00:00 PM,7:00:00 PM,09-09-2025 19:00,,,,,,,,
09 September 2025 8:00:00 PM,8:00:00 PM,09-09-2025 20:00,,,,,,,,
09 September 2025 9:00:00 PM,9:00:00 PM,09-09-2025 21:00,,,,,,,,
09 September 2025 10:00:00 PM,10:00:00 PM,09-09-2025 22:00,,,,,,,,
09 September 2025 11:00:00 PM,11:00:00 PM,09-09-2025 23:00,,,,,,,,
10 September 2025 9:00:00 AM,9:00:00 AM,10-09-2025 09:00,,,,,,,,
10 September 2025 10:00:00 AM,10:00:00 AM,10-09-2025 10:00,,,,,,,,
10 September 2025 11:00:00 AM,11:00:00 AM,10-09-2025 11:00,,,,,,,,
10 September 2025 12:00:00 PM,12:00:00 PM,10-09-2025 12:00,,,,,,,,
10 September 2025 1:00:00 PM,1:00:00 PM,10-09-2025 13:00,,,,,,,,
10 September 2025 2:00:00 PM,2:00:00 PM,10-09-2025 14:00,,,,,,,,
10 September 2025 3:00:00 PM,3:00:00 PM,10-09-2025 15:00,,,,,,,,
10 September 2025 4:00:00 PM,4:00:00 PM,10-09-2025 16:00,,,,,,,,
10 September 2025 5:00:00 PM,5:00:00 PM,10-09-2025 17:00,,,,,,,,
10 September 2025 6:00:00 PM,6:00:00 PM,10-09-2025 18:00,,,,,,,,
10 September 2025 7:00:00 PM,7:00:00 PM,10-09-2025 19:00,,,,,,,,
10 September 2025 8:00:00 PM,8:00:00 PM,10-09-2025 20:00,,,,,,,,
10 September 2025 9:00:00 PM,9:00:00 PM,10-09-2025 21:00,,,,,,,,
10 September 2025 10:00:00 PM,10:00:00 PM,10-09-2025 22:00,,,,,,,,
10 September 2025 11:00:00 PM,11:00:00 PM,10-09-2025 23:00,,,,,,,,
11 September 2025 9:00:00 AM,9:00:00 AM,11-09-2025 09:00,,,,,,,,
11 September 2025 10:00:00 AM,10:00:00 AM,11-09-2025 10:00,,,,,,,,
11 September 2025 11:00:00 AM,11:00:00 AM,11-09-2025 11:00,,,,,,,,
11 September 2025 12:00:00 PM,12:00:00 PM,11-09-2025 12:00,,,,,,,,
11 September 2025 1:00:00 PM,1:00:00 PM,11-09-2025 13:00,,,,,,,,
11 September 2025 2:00:00 PM,2:00:00 PM,11-09-2025 14:00,,,,,,,,
11 September 2025 3:00:00 PM,3:00:00 PM,11-09-2025 15:00,,,,,,,,
11 September 2025 4:00:00 PM,4:00:00 PM,11-09-2025 16:00,,,,,,,,
11 September 2025 5:00:00 PM,5:00:00 PM,11-09-2025 17:00,,,,,,,,
11 September 2025 6:00:00 PM,6:00:00 PM,11-09-2025 18:00,,,,,,,,
11 September 2025 7:00:00 PM,7:00:00 PM,11-09-2025 19:00,,,,,,,,
11 September 2025 8:00:00 PM,8:00:00 PM,11-09-2025 20:00,,,,,,,,
11 September 2025 9:00:00 PM,9:00:00 PM,11-09-2025 21:00,,,,,,,,
11 September 2025 10:00:00 PM,10:00:00 PM,11-09-2025 22:00,,,,,,,,
11 September 2025 11:00:00 PM,11:00:00 PM,11-09-2025 23:00,,,,,,,,
12 September 2025 9:00:00 AM,9:00:00 AM,12-09-2025 09:00,,,,,,,,
12 September 2025 10:00:00 AM,10:00:00 AM,12-09-2025 10:00,,,,,,,,
12 September 2025 11:00:00 AM,11:00:00 AM,12-09-2025 11:00,,,,,,,,
12 September 2025 12:00:00 PM,12:00:00 PM,12-09-2025 12:00,,,,,,,,
12 September 2025 1:00:00 PM,1:00:00 PM,12-09-2025 13:00,,,,,,,,
12 September 2025 2:00:00 PM,2:00:00 PM,12-09-2025 14:00,,,,,,,,
12 September 2025 3:00:00 PM,3:00:00 PM,12-09-2025 15:00,,,,,,,,
12 September 2025 4:00:00 PM,4:00:00 PM,12-09-2025 16:00,,,,,,,,
12 September 2025 5:00:00 PM,5:00:00 PM,12-09-2025 17:00,,,,,,,,
12 September 2025 6:00:00 PM,6:00:00 PM,12-09-2025 18:00,,,,,,,,
12 September 2025 7:00:00 PM,7:00:00 PM,12-09-2025 19:00,,,,,,,,
12 September 2025 8:00:00 PM,8:00:00 PM,12-09-2025 20:00,,,,,,,,
12 September 2025 9:00:00 PM,9:00:00 PM,12-09-2025 21:00,,,,,,,,
12 September 2025 10:00:00 PM,10:00:00 PM,12-09-2025 22:00,,,,,,,,
12 September 2025 11:00:00 PM,11:00:00 PM,12-09-2025 23:00,,,,,,,,
13 September 2025 9:00:00 AM,9:00:00 AM,13-09-2025 09:00,,,,,,,,
13 September 2025 10:00:00 AM,10:00:00 AM,13-09-2025 10:00,,,,,,,,
13 September 2025 11:00:00 AM,11:00:00 AM,13-09-2025 11:00,,,,,,,,
13 September 2025 12:00:00 PM,12:00:00 PM,13-09-2025 12:00,,,,,,,,
13 September 2025 1:00:00 PM,1:00:00 PM,13-09-2025 13:00,,,,,,,,
13 September 2025 2:00:00 PM,2:00:00 PM,13-09-2025 14:00,,,,,,,,
13 September 2025 3:00:00 PM,3:00:00 PM,13-09-2025 15:00,,,,,,,,
13 September 2025 4:00:00 PM,4:00:00 PM,13-09-2025 16:00,,,,,,,,
13 September 2025 5:00:00 PM,5:00:00 PM,13-09-2025 17:00,,,,,,,,
13 September 2025 6:00:00 PM,6:00:00 PM,13-09-2025 18:00,,,,,,,,
13 September 2025 7:00:00 PM,7:00:00 PM,13-09-2025 19:00,,,,,,,,
13 September 2025 8:00:00 PM,8:00:00 PM,13-09-2025 20:00,,,,,,,,
13 September 2025 9:00:00 PM,9:00:00 PM,13-09-2025 21:00,,,,,,,,
13 September 2025 10:00:00 PM,10:00:00 PM,13-09-2025 22:00,,,,,,,,
13 September 2025 11:00:00 PM,11:00:00 PM,13-09-2025 23:00,,,,,,,,
14 September 2025 9:00:00 AM,9:00:00 AM,14-09-2025 09:00,,,,,,,,
14 September 2025 10:00:00 AM,10:00:00 AM,14-09-2025 10:00,,,,,,,,
14 September 2025 11:00:00 AM,11:00:00 AM,14-09-2025 11:00,,,,,,,,
14 September 2025 12:00:00 PM,12:00:00 PM,14-09-2025 12:00,,,,,,,,
14 September 2025 1:00:00 PM,1:00:00 PM,14-09-2025 13:00,,,,,,,,
14 September 2025 2:00:00 PM,2:00:00 PM,14-09-2025 14:00,,,,,,,,
14 September 2025 3:00:00 PM,3:00:00 PM,14-09-2025 15:00,,,,,,,,
14 September 2025 4:00:00 PM,4:00:00 PM,14-09-2025 16:00,,,,,,,,
14 September 2025 5:00:00 PM,5:00:00 PM,14-09-2025 17:00,,,,,,,,
14 September 2025 6:00:00 PM,6:00:00 PM,14-09-2025 18:00,,,,,,,,
14 September 2025 7:00:00 PM,7:00:00 PM,14-09-2025 19:00,,,,,,,,
14 September 2025 8:00:00 PM,8:00:00 PM,14-09-2025 20:00,,,,,,,,
14 September 2025 9:00:00 PM,9:00:00 PM,14-09-2025 21:00,,,,,,,,
14 September 2025 10:00:00 PM,10:00:00 PM,14-09-2025 22:00,,,,,,,,
14 September 2025 11:00:00 PM,11:00:00 PM,14-09-2025 23:00,,,,,,,,
15 September 2025 9:00:00 AM,9:00:00 AM,15-09-2025 09:00,,,,,,,,
15 September 2025 10:00:00 AM,10:00:00 AM,15-09-2025 10:00,,,,,,,,
15 September 2025 11:00:00 AM,11:00:00 AM,15-09-2025 11:00,,,,,,,,
15 September 2025 12:00:00 PM,12:00:00 PM,15-09-2025 12:00,,,,,,,,
15 September 2025 1:00:00 PM,1:00:00 PM,15-09-2025 13:00,,,,,,,,
15 September 2025 2:00:00 PM,2:00:00 PM,15-09-2025 14:00,,,,,,,,
15 September 2025 3:00:00 PM,3:00:00 PM,15-09-2025 15:00,,,,,,,,
15 September 2025 4:00:00 PM,4:00:00 PM,15-09-2025 16:00,,,,,,,,
15 September 2025 5:00:00 PM,5:00:00 PM,15-09-2025 17:00,,,,,,,,
15 September 2025 6:00:00 PM,6:00:00 PM,15-09-2025 18:00,,,,,,,,
15 September 2025 7:00:00 PM,7:00:00 PM,15-09-2025 19:00,,,,,,,,
15 September 2025 8:00:00 PM,8:00:00 PM,15-09-2025 20:00,,,,,,,,
15 September 2025 9:00:00 PM,9:00:00 PM,15-09-2025 21:00,,,,,,,,
15 September 2025 10:00:00 PM,10:00:00 PM,15-09-2025 22:00,,,,,,,,
15 September 2025 11:00:00 PM,11:00:00 PM,15-09-2025 23:00,,,,,,,,
16 September 2025 9:00:00 AM,9:00:00 AM,16-09-2025 09:00,,,,,,,,
16 September 2025 10:00:00 AM,10:00:00 AM,16-09-2025 10:00,,,,,,,,
16 September 2025 11:00:00 AM,11:00:00 AM,16-09-2025 11:00,,,,,,,,
16 September 2025 12:00:00 PM,12:00:00 PM,16-09-2025 12:00,,,,,,,,
16 September 2025 1:00:00 PM,1:00:00 PM,16-09-2025 13:00,,,,,,,,
16 September 2025 2:00:00 PM,2:00:00 PM,16-09-2025 14:00,,,,,,,,
16 September 2025 3:00:00 PM,3:00:00 PM,16-09-2025 15:00,,,,,,,,
16 September 2025 4:00:00 PM,4:00:00 PM,16-09-2025 16:00,,,,,,,,
16 September 2025 5:00:00 PM,5:00:00 PM,16-09-2025 17:00,,,,,,,,
16 September 2025 6:00:00 PM,6:00:00 PM,16-09-2025 18:00,,,,,,,,
16 September 2025 7:00:00 PM,7:00:00 PM,16-09-2025 19:00,,,,,,,,
16 September 2025 8:00:00 PM,8:00:00 PM,16-09-2025 20:00,,,,,,,,
16 September 2025 9:00:00 PM,9:00:00 PM,16-09-2025 21:00,,,,,,,,
16 September 2025 10:00:00 PM,10:00:00 PM,16-09-2025 22:00,,,,,,,,
16 September 2025 11:00:00 PM,11:00:00 PM,16-09-2025 23:00,,,,,,,,
17 September 2025 9:00:00 AM,9:00:00 AM,17-09-2025 09:00,,,,,,,,
17 September 2025 10:00:00 AM,10:00:00 AM,17-09-2025 10:00,,,,,,,,
17 September 2025 11:00:00 AM,11:00:00 AM,17-09-2025 11:00,,,,,,,,
17 September 2025 12:00:00 PM,12:00:00 PM,17-09-2025 12:00,,,,,,,,
17 September 2025 1:00:00 PM,1:00:00 PM,17-09-2025 13:00,,,,,,,,
17 September 2025 2:00:00 PM,2:00:00 PM,17-09-2025 14:00,,,,,,,,
17 September 2025 3:00:00 PM,3:00:00 PM,17-09-2025 15:00,,,,,,,,
17 September 2025 4:00:00 PM,4:00:00 PM,17-09-2025 16:00,,,,,,,,
17 September 2025 5:00:00 PM,5:00:00 PM,17-09-2025 17:00,,,,,,,,
17 September 2025 6:00:00 PM,6:00:00 PM,17-09-2025 18:00,,,,,,,,
17 September 2025 7:00:00 PM,7:00:00 PM,17-09-2025 19:00,,,,,,,,
17 September 2025 8:00:00 PM,8:00:00 PM,17-09-2025 20:00,,,,,,,,
17 September 2025 9:00:00 PM,9:00:00 PM,17-09-2025 21:00,,,,,,,,
17 September 2025 10:00:00 PM,10:00:00 PM,17-09-2025 22:00,,,,,,,,
17 September 2025 11:00:00 PM,11:00:00 PM,17-09-2025 23:00,,,,,,,,
18 September 2025 9:00:00 AM,9:00:00 AM,18-09-2025 09:00,,,,,,,,
18 September 2025 10:00:00 AM,10:00:00 AM,18-09-2025 10:00,,,,,,,,
18 September 2025 11:00:00 AM,11:00:00 AM,18-09-2025 11:00,,,,,,,,
18 September 2025 12:00:00 PM,12:00:00 PM,18-09-2025 12:00,,,,,,,,
18 September 2025 1:00:00 PM,1:00:00 PM,18-09-2025 13:00,,,,,,,,
18 September 2025 2:00:00 PM,2:00:00 PM,18-09-2025 14:00,,,,,,,,
18 September 2025 3:00:00 PM,3:00:00 PM,18-09-2025 15:00,,,,,,,,
18 September 2025 4:00:00 PM,4:00:00 PM,18-09-2025 16:00,,,,,,,,
18 September 2025 5:00:00 PM,5:00:00 PM,18-09-2025 17:00,,,,,,,,
18 September 2025 6:00:00 PM,6:00:00 PM,18-09-2025 18:00,,,,,,,,
18 September 2025 7:00:00 PM,7:00:00 PM,18-09-2025 19:00,,,,,,,,
18 September 2025 8:00:00 PM,8:00:00 PM,18-09-2025 20:00,,,,,,,,
18 September 2025 9:00:00 PM,9:00:00 PM,18-09-2025 21:00,,,,,,,,
18 September 2025 10:00:00 PM,10:00:00 PM,18-09-2025 22:00,,,,,,,,
18 September 2025 11:00:00 PM,11:00:00 PM,18-09-2025 23:00,,,,,,,,
19 September 2025 9:00:00 AM,9:00:00 AM,19-09-2025 09:00,,,,,,,,
19 September 2025 10:00:00 AM,10:00:00 AM,19-09-2025 10:00,,,,,,,,
19 September 2025 11:00:00 AM,11:00:00 AM,19-09-2025 11:00,,,,,,,,
19 September 2025 12:00:00 PM,12:00:00 PM,19-09-2025 12:00,,,,,,,,
19 September 2025 1:00:00 PM,1:00:00 PM,19-09-2025 13:00,,,,,,,,
19 September 2025 2:00:00 PM,2:00:00 PM,19-09-2025 14:00,,,,,,,,
19 September 2025 3:00:00 PM,3:00:00 PM,19-09-2025 15:00,,,,,,,,
19 September 2025 4:00:00 PM,4:00:00 PM,19-09-2025 16:00,,,,,,,,
19 September 2025 5:00:00 PM,5:00:00 PM,19-09-2025 17:00,,,,,,,,
19 September 2025 6:00:00 PM,6:00:00 PM,19-09-2025 18:00,,,,,,,,
19 September 2025 7:00:00 PM,7:00:00 PM,19-09-2025 19:00,,,,,,,,
19 September 2025 8:00:00 PM,8:00:00 PM,19-09-2025 20:00,,,,,,,,
19 September 2025 9:00:00 PM,9:00:00 PM,19-09-2025 21:00,,,,,,,,
19 September 2025 10:00:00 PM,10:00:00 PM,19-09-2025 22:00,,,,,,,,
19 September 2025 11:00:00 PM,11:00:00 PM,19-09-2025 23:00,,,,,,,,
20 September 2025 9:00:00 AM,9:00:00 AM,20-09-2025 09:00,,,,,,,,
20 September 2025 10:00:00 AM,10:00:00 AM,20-09-2025 10:00,,,,,,,,
20 September 2025 11:00:00 AM,11:00:00 AM,20-09-2025 11:00,,,,,,,,
20 September 2025 12:00:00 PM,12:00:00 PM,20-09-2025 12:00,,,,,,,,
20 September 2025 1:00:00 PM,1:00:00 PM,20-09-2025 13:00,,,,,,,,
20 September 2025 2:00:00 PM,2:00:00 PM,20-09-2025 14:00,,,,,,,,
20 September 2025 3:00:00 PM,3:00:00 PM,20-09-2025 15:00,,,,,,,,
20 September 2025 4:00:00 PM,4:00:00 PM,20-09-2025 16:00,,,,,,,,
20 September 2025 5:00:00 PM,5:00:00 PM,20-09-2025 17:00,,,,,,,,
20 September 2025 6:00:00 PM,6:00:00 PM,20-09-2025 18:00,,,,,,,,
20 September 2025 7:00:00 PM,7:00:00 PM,20-09-2025 19:00,,,,,,,,
20 September 2025 8:00:00 PM,8:00:00 PM,20-09-2025 20:00,,,,,,,,
20 September 2025 9:00:00 PM,9:00:00 PM,20-09-2025 21:00,,,,,,,,
20 September 2025 10:00:00 PM,10:00:00 PM,20-09-2025 22:00,,,,,,,,
20 September 2025 11:00:00 PM,11:00:00 PM,20-09-2025 23:00,,,,,,,,
21 September 2025 9:00:00 AM,9:00:00 AM,21-09-2025 09:00,,,,,,,,
21 September 2025 10:00:00 AM,10:00:00 AM,21-09-2025 10:00,,,,,,,,
21 September 2025 11:00:00 AM,11:00:00 AM,21-09-2025 11:00,,,,,,,,
21 September 2025 12:00:00 PM,12:00:00 PM,21-09-2025 12:00,,,,,,,,
21 September 2025 1:00:00 PM,1:00:00 PM,21-09-2025 13:00,,,,,,,,
21 September 2025 2:00:00 PM,2:00:00 PM,21-09-2025 14:00,,,,,,,,
21 September 2025 3:00:00 PM,3:00:00 PM,21-09-2025 15:00,,,,,,,,
21 September 2025 4:00:00 PM,4:00:00 PM,21-09-2025 16:00,,,,,,,,
21 September 2025 5:00:00 PM,5:00:00 PM,21-09-2025 17:00,,,,,,,,
21 September 2025 6:00:00 PM,6:00:00 PM,21-09-2025 18:00,,,,,,,,
21 September 2025 7:00:00 PM,7:00:00 PM,21-09-2025 19:00,,,,,,,,
21 September 2025 8:00:00 PM,8:00:00 PM,21-09-2025 20:00,,,,,,,,
21 September 2025 9:00:00 PM,9:00:00 PM,21-09-2025 21:00,,,,,,,,
21 September 2025 10:00:00 PM,10:00:00 PM,21-09-2025 22:00,,,,,,,,
21 September 2025 11:00:00 PM,11:00:00 PM,21-09-2025 23:00,,,,,,,,
22 September 2025 9:00:00 AM,9:00:00 AM,22-09-2025 09:00,,,,,,,,
22 September 2025 10:00:00 AM,10:00:00 AM,22-09-2025 10:00,,,,,,,,
22 September 2025 11:00:00 AM,11:00:00 AM,22-09-2025 11:00,,,,,,,,
22 September 2025 12:00:00 PM,12:00:00 PM,22-09-2025 12:00,,,,,,,,
22 September 2025 1:00:00 PM,1:00:00 PM,22-09-2025 13:00,,,,,,,,
22 September 2025 2:00:00 PM,2:00:00 PM,22-09-2025 14:00,,,,,,,,
22 September 2025 3:00:00 PM,3:00:00 PM,22-09-2025 15:00,,,,,,,,
22 September 2025 4:00:00 PM,4:00:00 PM,22-09-2025 16:00,,,,,,,,
22 September 2025 5:00:00 PM,5:00:00 PM,22-09-2025 17:00,,,,,,,,
22 September 2025 6:00:00 PM,6:00:00 PM,22-09-2025 18:00,,,,,,,,
22 September 2025 7:00:00 PM,7:00:00 PM,22-09-2025 19:00,,,,,,,,
22 September 2025 8:00:00 PM,8:00:00 PM,22-09-2025 20:00,,,,,,,,
22 September 2025 9:00:00 PM,9:00:00 PM,22-09-2025 21:00,,,,,,,,
22 September 2025 10:00:00 PM,10:00:00 PM,22-09-2025 22:00,,,,,,,,
22 September 2025 11:00:00 PM,11:00:00 PM,22-09-2025 23:00,,,,,,,,
23 September 2025 9:00:00 AM,9:00:00 AM,23-09-2025 09:00,,,,,,,,
23 September 2025 10:00:00 AM,10:00:00 AM,23-09-2025 10:00,,,,,,,,
23 September 2025 11:00:00 AM,11:00:00 AM,23-09-2025 11:00,,,,,,,,
23 September 2025 12:00:00 PM,12:00:00 PM,23-09-2025 12:00,,,,,,,,
23 September 2025 1:00:00 PM,1:00:00 PM,23-09-2025 13:00,,,,,,,,
23 September 2025 2:00:00 PM,2:00:00 PM,23-09-2025 14:00,,,,,,,,
23 September 2025 3:00:00 PM,3:00:00 PM,23-09-2025 15:00,,,,,,,,
23 September 2025 4:00:00 PM,4:00:00 PM,23-09-2025 16:00,,,,,,,,
23 September 2025 5:00:00 PM,5:00:00 PM,23-09-2025 17:00,,,,,,,,
23 September 2025 6:00:00 PM,6:00:00 PM,23-09-2025 18:00,,,,,,,,
23 September 2025 7:00:00 PM,7:00:00 PM,23-09-2025 19:00,,,,,,,,
23 September 2025 8:00:00 PM,8:00:00 PM,23-09-2025 20:00,,,,,,,,
23 September 2025 9:00:00 PM,9:00:00 PM,23-09-2025 21:00,,,,,,,,
23 September 2025 10:00:00 PM,10:00:00 PM,23-09-2025 22:00,,,,,,,,
23 September 2025 11:00:00 PM,11:00:00 PM,23-09-2025 23:00,,,,,,,,
24 September 2025 9:00:00 AM,9:00:00 AM,24-09-2025 09:00,,,,,,,,
24 September 2025 10:00:00 AM,10:00:00 AM,24-09-2025 10:00,,,,,,,,
24 September 2025 11:00:00 AM,11:00:00 AM,24-09-2025 11:00,,,,,,,,
24 September 2025 12:00:00 PM,12:00:00 PM,24-09-2025 12:00,,,,,,,,
24 September 2025 1:00:00 PM,1:00:00 PM,24-09-2025 13:00,,,,,,,,
24 September 2025 2:00:00 PM,2:00:00 PM,24-09-2025 14:00,,,,,,,,
24 September 2025 3:00:00 PM,3:00:00 PM,24-09-2025 15:00,,,,,,,,
24 September 2025 4:00:00 PM,4:00:00 PM,24-09-2025 16:00,,,,,,,,
24 September 2025 5:00:00 PM,5:00:00 PM,24-09-2025 17:00,,,,,,,,
24 September 2025 6:00:00 PM,6:00:00 PM,24-09-2025 18:00,,,,,,,,
24 September 2025 7:00:00 PM,7:00:00 PM,24-09-2025 19:00,,,,,,,,
24 September 2025 8:00:00 PM,8:00:00 PM,24-09-2025 20:00,,,,,,,,
24 September 2025 9:00:00 PM,9:00:00 PM,24-09-2025 21:00,,,,,,,,
24 September 2025 10:00:00 PM,10:00:00 PM,24-09-2025 22:00,,,,,,,,
24 September 2025 11:00:00 PM,11:00:00 PM,24-09-2025 23:00,,,,,,,,
25 September 2025 9:00:00 AM,9:00:00 AM,25-09-2025 09:00,,,,,,,,
25 September 2025 10:00:00 AM,10:00:00 AM,25-09-2025 10:00,,,,,,,,
25 September 2025 11:00:00 AM,11:00:00 AM,25-09-2025 11:00,,,,,,,,
25 September 2025 12:00:00 PM,12:00:00 PM,25-09-2025 12:00,,,,,,,,
25 September 2025 1:00:00 PM,1:00:00 PM,25-09-2025 13:00,,,,,,,,
25 September 2025 2:00:00 PM,2:00:00 PM,25-09-2025 14:00,,,,,,,,
25 September 2025 3:00:00 PM,3:00:00 PM,25-09-2025 15:00,,,,,,,,
25 September 2025 4:00:00 PM,4:00:00 PM,25-09-2025 16:00,,,,,,,,
25 September 2025 5:00:00 PM,5:00:00 PM,25-09-2025 17:00,,,,,,,,
25 September 2025 6:00:00 PM,6:00:00 PM,25-09-2025 18:00,,,,,,,,
25 September 2025 7:00:00 PM,7:00:00 PM,25-09-2025 19:00,,,,,,,,
25 September 2025 8:00:00 PM,8:00:00 PM,25-09-2025 20:00,,,,,,,,
25 September 2025 9:00:00 PM,9:00:00 PM,25-09-2025 21:00,,,,,,,,
25 September 2025 10:00:00 PM,10:00:00 PM,25-09-2025 22:00,,,,,,,,
25 September 2025 11:00:00 PM,11:00:00 PM,25-09-2025 23:00,,,,,,,,
26 September 2025 9:00:00 AM,9:00:00 AM,26-09-2025 09:00,,,,,,,,
26 September 2025 10:00:00 AM,10:00:00 AM,26-09-2025 10:00,,,,,,,,
26 September 2025 11:00:00 AM,11:00:00 AM,26-09-2025 11:00,,,,,,,,
26 September 2025 12:00:00 PM,12:00:00 PM,26-09-2025 12:00,,,,,,,,
26 September 2025 1:00:00 PM,1:00:00 PM,26-09-2025 13:00,,,,,,,,
26 September 2025 2:00:00 PM,2:00:00 PM,26-09-2025 14:00,,,,,,,,
26 September 2025 3:00:00 PM,3:00:00 PM,26-09-2025 15:00,,,,,,,,
26 September 2025 4:00:00 PM,4:00:00 PM,26-09-2025 16:00,,,,,,,,
26 September 2025 5:00:00 PM,5:00:00 PM,26-09-2025 17:00,,,,,,,,
26 September 2025 6:00:00 PM,6:00:00 PM,26-09-2025 18:00,,,,,,,,
26 September 2025 7:00:00 PM,7:00:00 PM,26-09-2025 19:00,,,,,,,,
26 September 2025 8:00:00 PM,8:00:00 PM,26-09-2025 20:00,,,,,,,,
26 September 2025 9:00:00 PM,9:00:00 PM,26-09-2025 21:00,,,,,,,,
26 September 2025 10:00:00 PM,10:00:00 PM,26-09-2025 22:00,,,,,,,,
26 September 2025 11:00:00 PM,11:00:00 PM,26-09-2025 23:00,,,,,,,,
27 September 2025 9:00:00 AM,9:00:00 AM,27-09-2025 09:00,,,,,,,,
27 September 2025 10:00:00 AM,10:00:00 AM,27-09-2025 10:00,,,,,,,,
27 September 2025 11:00:00 AM,11:00:00 AM,27-09-2025 11:00,,,,,,,,
27 September 2025 12:00:00 PM,12:00:00 PM,27-09-2025 12:00,,,,,,,,
27 September 2025 1:00:00 PM,1:00:00 PM,27-09-2025 13:00,,,,,,,,
27 September 2025 2:00:00 PM,2:00:00 PM,27-09-2025 14:00,,,,,,,,
27 September 2025 3:00:00 PM,3:00:00 PM,27-09-2025 15:00,,,,,,,,
27 September 2025 4:00:00 PM,4:00:00 PM,27-09-2025 16:00,,,,,,,,
27 September 2025 5:00:00 PM,5:00:00 PM,27-09-2025 17:00,,,,,,,,
27 September 2025 6:00:00 PM,6:00:00 PM,27-09-2025 18:00,,,,,,,,
27 September 2025 7:00:00 PM,7:00:00 PM,27-09-2025 19:00,,,,,,,,
27 September 2025 8:00:00 PM,8:00:00 PM,27-09-2025 20:00,,,,,,,,
27 September 2025 9:00:00 PM,9:00:00 PM,27-09-2025 21:00,,,,,,,,
27 September 2025 10:00:00 PM,10:00:00 PM,27-09-2025 22:00,,,,,,,,
27 September 2025 11:00:00 PM,11:00:00 PM,27-09-2025 23:00,,,,,,,,
28 September 2025 9:00:00 AM,9:00:00 AM,28-09-2025 09:00,,,,,,,,
28 September 2025 10:00:00 AM,10:00:00 AM,28-09-2025 10:00,,,,,,,,
28 September 2025 11:00:00 AM,11:00:00 AM,28-09-2025 11:00,,,,,,,,
28 September 2025 12:00:00 PM,12:00:00 PM,28-09-2025 12:00,,,,,,,,
28 September 2025 1:00:00 PM,1:00:00 PM,28-09-2025 13:00,,,,,,,,
28 September 2025 2:00:00 PM,2:00:00 PM,28-09-2025 14:00,,,,,,,,
28 September 2025 3:00:00 PM,3:00:00 PM,28-09-2025 15:00,,,,,,,,
28 September 2025 4:00:00 PM,4:00:00 PM,28-09-2025 16:00,,,,,,,,
28 September 2025 5:00:00 PM,5:00:00 PM,28-09-2025 17:00,,,,,,,,
28 September 2025 6:00:00 PM,6:00:00 PM,28-09-2025 18:00,,,,,,,,
28 September 2025 7:00:00 PM,7:00:00 PM,28-09-2025 19:00,,,,,,,,
28 September 2025 8:00:00 PM,8:00:00 PM,28-09-2025 20:00,,,,,,,,
28 September 2025 9:00:00 PM,9:00:00 PM,28-09-2025 21:00,,,,,,,,
28 September 2025 10:00:00 PM,10:00:00 PM,28-09-2025 22:00,,,,,,,,
28 September 2025 11:00:00 PM,11:00:00 PM,28-09-2025 23:00,,,,,,,,
29 September 2025 9:00:00 AM,9:00:00 AM,29-09-2025 09:00,,,,,,,,
29 September 2025 10:00:00 AM,10:00:00 AM,29-09-2025 10:00,,,,,,,,
29 September 2025 11:00:00 AM,11:00:00 AM,29-09-2025 11:00,,,,,,,,
29 September 2025 12:00:00 PM,12:00:00 PM,29-09-2025 12:00,,,,,,,,
29 September 2025 1:00:00 PM,1:00:00 PM,29-09-2025 13:00,,,,,,,,
29 September 2025 2:00:00 PM,2:00:00 PM,29-09-2025 14:00,,,,,,,,
29 September 2025 3:00:00 PM,3:00:00 PM,29-09-2025 15:00,,,,,,,,
29 September 2025 4:00:00 PM,4:00:00 PM,29-09-2025 16:00,,,,,,,,
29 September 2025 5:00:00 PM,5:00:00 PM,29-09-2025 17:00,,,,,,,,
29 September 2025 6:00:00 PM,6:00:00 PM,29-09-2025 18:00,,,,,,,,
29 September 2025 7:00:00 PM,7:00:00 PM,29-09-2025 19:00,,,,,,,,
29 September 2025 8:00:00 PM,8:00:00 PM,29-09-2025 20:00,,,,,,,,
29 September 2025 9:00:00 PM,9:00:00 PM,29-09-2025 21:00,,,,,,,,
29 September 2025 10:00:00 PM,10:00:00 PM,29-09-2025 22:00,,,,,,,,
29 September 2025 11:00:00 PM,11:00:00 PM,29-09-2025 23:00,,,,,,,,
30 September 2025 9:00:00 AM,9:00:00 AM,30-09-2025 09:00,,,,,,,,
30 September 2025 10:00:00 AM,10:00:00 AM,30-09-2025 10:00,,,,,,,,
30 September 2025 11:00:00 AM,11:00:00 AM,30-09-2025 11:00,,,,,,,,
30 September 2025 12:00:00 PM,12:00:00 PM,30-09-2025 12:00,,,,,,,,
30 September 2025 1:00:00 PM,1:00:00 PM,30-09-2025 13:00,,,,,,,,
30 September 2025 2:00:00 PM,2:00:00 PM,30-09-2025 14:00,,,,,,,,
30 September 2025 3:00:00 PM,3:00:00 PM,30-09-2025 15:00,,,,,,,,
30 September 2025 4:00:00 PM,4:00:00 PM,30-09-2025 16:00,,,,,,,,
30 September 2025 5:00:00 PM,5:00:00 PM,30-09-2025 17:00,,,,,,,,
30 September 2025 6:00:00 PM,6:00:00 PM,30-09-2025 18:00,,,,,,,,
30 September 2025 7:00:00 PM,7:00:00 PM,30-09-2025 19:00,,,,,,,,
30 September 2025 8:00:00 PM,8:00:00 PM,30-09-2025 20:00,,,,,,,,
30 September 2025 9:00:00 PM,9:00:00 PM,30-09-2025 21:00,,,,,,,,
30 September 2025 10:00:00 PM,10:00:00 PM,30-09-2025 22:00,,,,,,,,
30 September 2025 11:00:00 PM,11:00:00 PM,30-09-2025 23:00,,,,,,,,
01 October 2025 9:00:00 AM,9:00:00 AM,01-10-2025 09:00,,,,,,,,
01 October 2025 10:00:00 AM,10:00:00 AM,01-10-2025 10:00,,,,,,,,
01 October 2025 11:00:00 AM,11:00:00 AM,01-10-2025 11:00,,,,,,,,
01 October 2025 12:00:00 PM,12:00:00 PM,01-10-2025 12:00,,,,,,,,
01 October 2025 1:00:00 PM,1:00:00 PM,01-10-2025 13:00,,,,,,,,
01 October 2025 2:00:00 PM,2:00:00 PM,01-10-2025 14:00,,,,,,,,
01 October 2025 3:00:00 PM,3:00:00 PM,01-10-2025 15:00,,,,,,,,
01 October 2025 4:00:00 PM,4:00:00 PM,01-10-2025 16:00,,,,,,,,
01 October 2025 5:00:00 PM,5:00:00 PM,01-10-2025 17:00,,,,,,,,
01 October 2025 6:00:00 PM,6:00:00 PM,01-10-2025 18:00,,,,,,,,
01 October 2025 7:00:00 PM,7:00:00 PM,01-10-2025 19:00,,,,,,,,
01 October 2025 8:00:00 PM,8:00:00 PM,01-10-2025 20:00,,,,,,,,
01 October 2025 9:00:00 PM,9:00:00 PM,01-10-2025 21:00,,,,,,,,
01 October 2025 10:00:00 PM,10:00:00 PM,01-10-2025 22:00,,,,,,,,
01 October 2025 11:00:00 PM,11:00:00 PM,01-10-2025 23:00,,,,,,,,
02 October 2025 9:00:00 AM,9:00:00 AM,02-10-2025 09:00,,,,,,,,
02 October 2025 10:00:00 AM,10:00:00 AM,02-10-2025 10:00,,,,,,,,
02 October 2025 11:00:00 AM,11:00:00 AM,02-10-2025 11:00,,,,,,,,
02 October 2025 12:00:00 PM,12:00:00 PM,02-10-2025 12:00,,,,,,,,
02 October 2025 1:00:00 PM,1:00:00 PM,02-10-2025 13:00,,,,,,,,
02 October 2025 2:00:00 PM,2:00:00 PM,02-10-2025 14:00,,,,,,,,
02 October 2025 3:00:00 PM,3:00:00 PM,02-10-2025 15:00,,,,,,,,
02 October 2025 4:00:00 PM,4:00:00 PM,02-10-2025 16:00,,,,,,,,
02 October 2025 5:00:00 PM,5:00:00 PM,02-10-2025 17:00,,,,,,,,
02 October 2025 6:00:00 PM,6:00:00 PM,02-10-2025 18:00,,,,,,,,
02 October 2025 7:00:00 PM,7:00:00 PM,02-10-2025 19:00,,,,,,,,
02 October 2025 8:00:00 PM,8:00:00 PM,02-10-2025 20:00,,,,,,,,
02 October 2025 9:00:00 PM,9:00:00 PM,02-10-2025 21:00,,,,,,,,
02 October 2025 10:00:00 PM,10:00:00 PM,02-10-2025 22:00,,,,,,,,
02 October 2025 11:00:00 PM,11:00:00 PM,02-10-2025 23:00,,,,,,,,
03 October 2025 9:00:00 AM,9:00:00 AM,03-10-2025 09:00,,,,,,,,
03 October 2025 10:00:00 AM,10:00:00 AM,03-10-2025 10:00,,,,,,,,
03 October 2025 11:00:00 AM,11:00:00 AM,03-10-2025 11:00,,,,,,,,
03 October 2025 12:00:00 PM,12:00:00 PM,03-10-2025 12:00,,,,,,,,
03 October 2025 1:00:00 PM,1:00:00 PM,03-10-2025 13:00,,,,,,,,
03 October 2025 2:00:00 PM,2:00:00 PM,03-10-2025 14:00,,,,,,,,
03 October 2025 3:00:00 PM,3:00:00 PM,03-10-2025 15:00,,,,,,,,
03 October 2025 4:00:00 PM,4:00:00 PM,03-10-2025 16:00,,,,,,,,
03 October 2025 5:00:00 PM,5:00:00 PM,03-10-2025 17:00,,,,,,,,
03 October 2025 6:00:00 PM,6:00:00 PM,03-10-2025 18:00,,,,,,,,
03 October 2025 7:00:00 PM,7:00:00 PM,03-10-2025 19:00,,,,,,,,
03 October 2025 8:00:00 PM,8:00:00 PM,03-10-2025 20:00,,,,,,,,
03 October 2025 9:00:00 PM,9:00:00 PM,03-10-2025 21:00,,,,,,,,
03 October 2025 10:00:00 PM,10:00:00 PM,03-10-2025 22:00,,,,,,,,
03 October 2025 11:00:00 PM,11:00:00 PM,03-10-2025 23:00,,,,,,,,
04 October 2025 9:00:00 AM,9:00:00 AM,04-10-2025 09:00,,,,,,,,
04 October 2025 10:00:00 AM,10:00:00 AM,04-10-2025 10:00,,,,,,,,
04 October 2025 11:00:00 AM,11:00:00 AM,04-10-2025 11:00,,,,,,,,
04 October 2025 12:00:00 PM,12:00:00 PM,04-10-2025 12:00,,,,,,,,
04 October 2025 1:00:00 PM,1:00:00 PM,04-10-2025 13:00,,,,,,,,
04 October 2025 2:00:00 PM,2:00:00 PM,04-10-2025 14:00,,,,,,,,
04 October 2025 3:00:00 PM,3:00:00 PM,04-10-2025 15:00,,,,,,,,
04 October 2025 4:00:00 PM,4:00:00 PM,04-10-2025 16:00,,,,,,,,
04 October 2025 5:00:00 PM,5:00:00 PM,04-10-2025 17:00,,,,,,,,
04 October 2025 6:00:00 PM,6:00:00 PM,04-10-2025 18:00,,,,,,,,
04 October 2025 7:00:00 PM,7:00:00 PM,04-10-2025 19:00,,,,,,,,
04 October 2025 8:00:00 PM,8:00:00 PM,04-10-2025 20:00,,,,,,,,
04 October 2025 9:00:00 PM,9:00:00 PM,04-10-2025 21:00,,,,,,,,
04 October 2025 10:00:00 PM,10:00:00 PM,04-10-2025 22:00,,,,,,,,
04 October 2025 11:00:00 PM,11:00:00 PM,04-10-2025 23:00,,,,,,,,
05 October 2025 9:00:00 AM,9:00:00 AM,05-10-2025 09:00,,,,,,,,
05 October 2025 10:00:00 AM,10:00:00 AM,05-10-2025 10:00,,,,,,,,
05 October 2025 11:00:00 AM,11:00:00 AM,05-10-2025 11:00,,,,,,,,
05 October 2025 12:00:00 PM,12:00:00 PM,05-10-2025 12:00,,,,,,,,
05 October 2025 1:00:00 PM,1:00:00 PM,05-10-2025 13:00,,,,,,,,
05 October 2025 2:00:00 PM,2:00:00 PM,05-10-2025 14:00,,,,,,,,
05 October 2025 3:00:00 PM,3:00:00 PM,05-10-2025 15:00,,,,,,,,
05 October 2025 4:00:00 PM,4:00:00 PM,05-10-2025 16:00,,,,,,,,
05 October 2025 5:00:00 PM,5:00:00 PM,05-10-2025 17:00,,,,,,,,
05 October 2025 6:00:00 PM,6:00:00 PM,05-10-2025 18:00,,,,,,,,
05 October 2025 7:00:00 PM,7:00:00 PM,05-10-2025 19:00,,,,,,,,
05 October 2025 8:00:00 PM,8:00:00 PM,05-10-2025 20:00,,,,,,,,
05 October 2025 9:00:00 PM,9:00:00 PM,05-10-2025 21:00,,,,,,,,
05 October 2025 10:00:00 PM,10:00:00 PM,05-10-2025 22:00,,,,,,,,
05 October 2025 11:00:00 PM,11:00:00 PM,05-10-2025 23:00,,,,,,,,