Date,Time,DateTime,Energy_level,Mood,Current_Activity,Location,Procrastination_Score,Num_Productive_tasks,Notes
"Wednesday, August 6, 2025",9:00:00 AM,06-08-2025 09:00,3,"Excited, Tired",Sleep,Bedroom,0,0,Wake up at 9
"Wednesday, August 6, 2025",10:00:00 AM,06-08-2025 10:00,6,"Excited, Tired, Calm","Instagram, Work",Bedroom,4,1,"Changed this sheet and alarms, then started watching YouTube"
"Wednesday, August 6, 2025",11:00:00 AM,06-08-2025 11:00,4,Tired,YouTube,Bedroom,10,0,
"Wednesday, August 6, 2025",12:00:00 PM,06-08-2025 12:00,6,Hangry,Lunch,Dining room,0,0,
"Wednesday, August 6, 2025",1:00:00 PM,06-08-2025 13:00,6,Happy,"Chilling, Work",Bedroom,7,0,
"Wednesday, August 6, 2025",2:00:00 PM,06-08-2025 14:00,5,Tired,Gaming,Game room,10,0,
"Wednesday, August 6, 2025",3:00:00 PM,06-08-2025 15:00,8,Energised,Gaming,Game room,10,0,Finished at 3pm
"Wednesday, August 6, 2025",4:00:00 PM,06-08-2025 16:00,5,Tired,Work,Office space,6,2,
"Wednesday, August 6, 2025",5:00:00 PM,06-08-2025 17:00,5,"Tired, Calm",Work,Office space,7,1,
"Wednesday, August 6, 2025",6:00:00 PM,06-08-2025 18:00,6,Happy,YouTube ,Bedroom ,8,1,
"Wednesday, August 6, 2025",7:00:00 PM,06-08-2025 19:00,4,Tired,Netflix,Bedroom,0,0,Me Time
"Wednesday, August 6, 2025",8:00:00 PM,06-08-2025 20:00,6,Tired,Tiktok,Bedroom,0,0,Me Time
"Wednesday, August 6, 2025",9:00:00 PM,06-08-2025 21:00,7,Calm,Prayer,Mosque,0,0,
"Wednesday, August 6, 2025",10:00:00 PM,06-08-2025 22:00,7,Happy,Netflix,Bedroom,0,0,Me Time
"Wednesday, August 6, 2025",11:00:00 PM,06-08-2025 23:00,7,Fulfilled,Netflix,Bedroom,0,0,Me Time
"Thursday, August 7, 2025",9:00:00 AM,07-08-2025 09:00,7,Calm,Sleep,Bedroom,0,0,
"Thursday, August 7, 2025",10:00:00 AM,07-08-2025 10:00,8,Calm,"Work, Gaming",Office Space,6,1,
"Thursday, August 7, 2025",11:00:00 AM,07-08-2025 11:00,8,Energised,Work,Office Space,1,1,
"Thursday, August 7, 2025",12:00:00 PM,07-08-2025 12:00,7,"Energised, Happy","Work, Lunch",Office Space,1,1,
"Thursday, August 7, 2025",1:00:00 PM,07-08-2025 13:00,8,"Energised, Happy, Excited",Work,Office Space,1,2,
"Thursday, August 7, 2025",2:00:00 PM,07-08-2025 14:00,8,"Energised, Happy",Work,Office Space,1,1,
"Thursday, August 7, 2025",3:00:00 PM,07-08-2025 15:00,7,"Happy, Focused",Work,Office Space,1,2,
"Thursday, August 7, 2025",4:00:00 PM,07-08-2025 16:00,7,Energised,Work,Office Space,1,1,
"Thursday, August 7, 2025",5:00:00 PM,07-08-2025 17:00,8,"Calm, Happy",Work,Office Space,1,1,
"Thursday, August 7, 2025",6:00:00 PM,07-08-2025 18:00,8,Happy,Chilling,In-Laws ,0,1,
"Thursday, August 7, 2025",7:00:00 PM,07-08-2025 19:00,7,Calm,"Chilling, Groceries",Tesco,0,0,
"Thursday, August 7, 2025",8:00:00 PM,07-08-2025 20:00,6,Tired,"Travel, Groceries",Tesco,0,0,
"Thursday, August 7, 2025",9:00:00 PM,07-08-2025 21:00,6,Calm,Gaming,Gaming Room,0,0,
"Thursday, August 7, 2025",10:00:00 PM,07-08-2025 22:00,8,Excited,Gaming,Gaming Room,0,0,
"Thursday, August 7, 2025",11:00:00 PM,07-08-2025 23:00,8,Excited,Gaming,Gaming Room,5,0,Could be winding down for the night and read but I'm gaming instead
"Friday, August 8, 2025",9:00:00 AM,08-08-2025 09:00,6,Tired,Sleep,Bedroom,0,0,
"Friday, August 8, 2025",10:00:00 AM,08-08-2025 10:00,6,Tired,Chilling,Bedroom,8,0,
"Friday, August 8, 2025",11:00:00 AM,08-08-2025 11:00,8,"Focused, Excited",Work,Office Space,1,2,
"Friday, August 8, 2025",12:00:00 PM,08-08-2025 12:00,8,Happy,Work,Office Space,1,1,
"Friday, August 8, 2025",1:00:00 PM,08-08-2025 13:00,6,Tired,"Work, Lunch",Office Space,1,1,
"Friday, August 8, 2025",2:00:00 PM,08-08-2025 14:00,6,Focused,"Work, Prayer",Office Space,1,1,
"Friday, August 8, 2025",3:00:00 PM,08-08-2025 15:00,4,Tired,Work,Office Space,1,1,
"Friday, August 8, 2025",4:00:00 PM,08-08-2025 16:00,5,Tired,"Work, Gaming",Office Space,5,1,
"Friday, August 8, 2025",5:00:00 PM,08-08-2025 17:00,7,Happy,Gaming,Gaming Room,6,0,
"Friday, August 8, 2025",6:00:00 PM,08-08-2025 18:00,7,Happy,Gaming,Gaming Room,6,0,
"Friday, August 8, 2025",7:00:00 PM,08-08-2025 19:00,6,Hangry,Gaming,Gaming Room,6,0,
"Friday, August 8, 2025",8:00:00 PM,08-08-2025 20:00,7,Hangry,Chilling,Sitting room,0,0,
"Friday, August 8, 2025",9:00:00 PM,08-08-2025 21:00,8,Happy,Walk,Outdoors,0,0,
"Friday, August 8, 2025",10:00:00 PM,08-08-2025 22:00,8,Happy,Gaming,Gaming Room,0,0,
"Friday, August 8, 2025",11:00:00 PM,08-08-2025 23:00,8,Happy,Gaming,Gaming Room,0,0,
"Saturday, August 9, 2025",9:00:00 AM,09-08-2025 09:00,,,,,,,
"Saturday, August 9, 2025",10:00:00 AM,09-08-2025 10:00,8,Tired,Sleep,Bedroom,0,0,
"Saturday, August 9, 2025",11:00:00 AM,09-08-2025 11:00,8,Happy,Groceries,Sainsburys,0,0,
"Saturday, August 9, 2025",12:00:00 PM,09-08-2025 12:00,7,Focused,Planning,Sitting Room,0,1,
"Saturday, August 9, 2025",1:00:00 PM,09-08-2025 13:00,7,Excited,Gaming,Gaming Room,0,0,
"Saturday, August 9, 2025",2:00:00 PM,09-08-2025 14:00,8,Energised,Gaming,Gaming Room,0,0,
"Saturday, August 9, 2025",3:00:00 PM,09-08-2025 15:00,8,Excited,Travel,Car,0,0,
"Saturday, August 9, 2025",4:00:00 PM,09-08-2025 16:00,8,Excited,Travel,Train,0,0,
"Saturday, August 9, 2025",5:00:00 PM,09-08-2025 17:00,8,Happy,Arcade,Arcade,0,0,
"Saturday, August 9, 2025",6:00:00 PM,09-08-2025 18:00,7,Fulfilled,Eating,Food Court,0,0,
"Saturday, August 9, 2025",7:00:00 PM,09-08-2025 19:00,8,Happy,Walk,Outdoors,0,0,
"Saturday, August 9, 2025",8:00:00 PM,09-08-2025 20:00,8,Excited,Chilling,Sitting Room,0,0,
"Saturday, August 9, 2025",9:00:00 PM,09-08-2025 21:00,8,Excited,Movie,Cinema,0,0,
"Saturday, August 9, 2025",10:00:00 PM,09-08-2025 22:00,8,Happy,Movie,Cinema,0,0,
"Saturday, August 9, 2025",11:00:00 PM,09-08-2025 23:00,8,Fulfilled,Movie,Cinema,0,0,
"Sunday, August 10, 2025",9:00:00 AM,10-08-2025 09:00,,,,,,,
"Sunday, August 10, 2025",10:00:00 AM,10-08-2025 10:00,7,Tired,Sleep,Bedroom,0,0,
"Sunday, August 10, 2025",11:00:00 AM,10-08-2025 11:00,7,Fulfilled,Breakfast,Dining Room,0,0,
"Sunday, August 10, 2025",12:00:00 PM,10-08-2025 12:00,5,Tired,Chilling,Sitting Room,0,0,
"Sunday, August 10, 2025",1:00:00 PM,10-08-2025 13:00,5,Tired,Chilling,Sitting Room,0,0,
"Sunday, August 10, 2025",2:00:00 PM,10-08-2025 14:00,5,Tired,Chilling,Sitting Room,0,0,
"Sunday, August 10, 2025",3:00:00 PM,10-08-2025 15:00,5,Tired,Chilling,Bedroom,0,0,
"Sunday, August 10, 2025",4:00:00 PM,10-08-2025 16:00,6,Tired,Travel,Tfl,0,0,
"Sunday, August 10, 2025",5:00:00 PM,10-08-2025 17:00,8,Fulfilled,Chilling,Friend's Flat,0,0,
"Sunday, August 10, 2025",6:00:00 PM,10-08-2025 18:00,6,Tired,Gaming,Friend's Flat,0,0,
"Sunday, August 10, 2025",7:00:00 PM,10-08-2025 19:00,8,Energised,Board Games,Friend's Flat,0,0,
"Sunday, August 10, 2025",8:00:00 PM,10-08-2025 20:00,8,Fulfilled,Chilling,Friend's Flat,0,0,
"Sunday, August 10, 2025",9:00:00 PM,10-08-2025 21:00,7,Happy,Movie,Friend's Flat,0,0,
"Sunday, August 10, 2025",10:00:00 PM,10-08-2025 22:00,7,Happy,Movie,Friend's Flat,0,0,
"Sunday, August 10, 2025",11:00:00 PM,10-08-2025 23:00,4,Tired,Travel,Tfl,0,0,
"Monday, August 11, 2025",9:00:00 AM,11-08-2025 09:00,7,Energised,Sleep,Bedroom,0,0,
"Monday, August 11, 2025",10:00:00 AM,11-08-2025 10:00,6,Tired,Travel,Tfl,1,0,
"Monday, August 11, 2025",11:00:00 AM,11-08-2025 11:00,7,Tired,"Travel, Reading",National Rail,1,1,
"Monday, August 11, 2025",12:00:00 PM,11-08-2025 12:00,7,Energised,Walk,Outdoors,1,0,
"Monday, August 11, 2025",1:00:00 PM,11-08-2025 13:00,7,Calm,Chilling,Office,1,1,
"Monday, August 11, 2025",2:00:00 PM,11-08-2025 14:00,7,Calm,Walk,Outdoors,1,0,
"Monday, August 11, 2025",3:00:00 PM,11-08-2025 15:00,3,Tired,"Travel, Reading",National Rail,1,1,
"Monday, August 11, 2025",4:00:00 PM,11-08-2025 16:00,5,Happy,"Travel, Reading",Tfl,1,1,
"Monday, August 11, 2025",5:00:00 PM,11-08-2025 17:00,8,Excited,Walk,Outdoors,1,1,
"Monday, August 11, 2025",6:00:00 PM,11-08-2025 18:00,7,Tired,Shower,Bathroom,0,0,
"Monday, August 11, 2025",7:00:00 PM,11-08-2025 19:00,7,Excited,Travel,In-laws,0,0,
"Monday, August 11, 2025",8:00:00 PM,11-08-2025 20:00,6,Tired,Chilling,In-laws,0,0,
"Monday, August 11, 2025",9:00:00 PM,11-08-2025 21:00,8,Calm,Chilling,In-Laws,0,0,
"Monday, August 11, 2025",10:00:00 PM,11-08-2025 22:00,7,"Loved, Fulfilled",Groceries,Tesco,0,1,
"Monday, August 11, 2025",11:00:00 PM,11-08-2025 23:00,8,"Loved, Fulfilled",Chilling,Bedroom,0,0,
"Tuesday, August 12, 2025",9:00:00 AM,12-08-2025 09:00,7,Energised,Sleep,Bedroom,0,0,
"Tuesday, August 12, 2025",10:00:00 AM,12-08-2025 10:00,8,Tired,Exercise,Bedroom,6,1,
"Tuesday, August 12, 2025",11:00:00 AM,12-08-2025 11:00,8,Hangry,Work,Office Space,0,0,
"Tuesday, August 12, 2025",12:00:00 PM,12-08-2025 12:00,8,Fulfilled,Lunch,Sitting Room,0,0,
"Tuesday, August 12, 2025",1:00:00 PM,12-08-2025 13:00,6,Tired,Work,Office Space,2,1,
"Tuesday, August 12, 2025",2:00:00 PM,12-08-2025 14:00,4,"Tired, Fulfilled",Work,Office Space ,1,2,
"Tuesday, August 12, 2025",3:00:00 PM,12-08-2025 15:00,6,Tired,Work,Office Space,1,1,
"Tuesday, August 12, 2025",4:00:00 PM,12-08-2025 16:00,8,Energised,Battleship,Bedroom,6,1,
"Tuesday, August 12, 2025",5:00:00 PM,12-08-2025 17:00,6,Happy,Board Games,Bedroom,6,0,
"Tuesday, August 12, 2025",6:00:00 PM,12-08-2025 18:00,8,"Happy, Excited",Board Games,Bedroom,0,0,
"Tuesday, August 12, 2025",7:00:00 PM,12-08-2025 19:00,8,"Happy, Excited",Board Games,Bedroom,0,0,
"Tuesday, August 12, 2025",8:00:00 PM,12-08-2025 20:00,8,"Happy, Excited",Board Games,Bedroom,0,0,
"Tuesday, August 12, 2025",9:00:00 PM,12-08-2025 21:00,7,"Happy, Tired",Board Games,Bedroom,6,1,
"Tuesday, August 12, 2025",10:00:00 PM,12-08-2025 22:00,6,"Happy, Excited",Movie,Bedroom,0,1,
"Tuesday, August 12, 2025",11:00:00 PM,12-08-2025 23:00,8,"Loved, Fulfilled",Movie,Bedroom,0,1,
"Wednesday, August 13, 2025",9:00:00 AM,13-08-2025 09:00,8,Calm,Sleep,Bedroom,0,0,
"Wednesday, August 13, 2025",10:00:00 AM,13-08-2025 10:00,8,Energised,Exercise,Bedroom,1,1,
"Wednesday, August 13, 2025",11:00:00 AM,13-08-2025 11:00,8,Happy,Work,Office Space,6,1,
"Wednesday, August 13, 2025",12:00:00 PM,13-08-2025 12:00,6,Happy,Lunch,Sitting Room,0,0,
"Wednesday, August 13, 2025",1:00:00 PM,13-08-2025 13:00,6,Happy,Work,Office Space,1,1,
"Wednesday, August 13, 2025",2:00:00 PM,13-08-2025 14:00,5,Happy,Work,Office Space,1,2,
"Wednesday, August 13, 2025",3:00:00 PM,13-08-2025 15:00,4,Tired,Gaming,Gaming Room,8,0,
"Wednesday, August 13, 2025",4:00:00 PM,13-08-2025 16:00,4,Tired,Chilling,Bedroom,10,0,
"Wednesday, August 13, 2025",5:00:00 PM,13-08-2025 17:00,4,Tired,Board Games,Bedroom,10,0,
"Wednesday, August 13, 2025",6:00:00 PM,13-08-2025 18:00,5,Tired,Board Games,Bedroom,10,0,
"Wednesday, August 13, 2025",7:00:00 PM,13-08-2025 19:00,4,Tired,Netflix,Bedroom,10,0,
"Wednesday, August 13, 2025",8:00:00 PM,13-08-2025 20:00,6,Energised,Exploring,Leyton,0,1,
"Wednesday, August 13, 2025",9:00:00 PM,13-08-2025 21:00,7,Energised,Exploring,Leyton,0,0,
"Wednesday, August 13, 2025",10:00:00 PM,13-08-2025 22:00,7,Energised,Exploring,Leyton,0,0,
"Wednesday, August 13, 2025",11:00:00 PM,13-08-2025 23:00,8,Fulfilled,Reading,Bedroom,0,1,
"Thursday, August 14, 2025",9:00:00 AM,14-08-2025 09:00,8,Energised,Sleep,Bedroom,0,0,
"Thursday, August 14, 2025",10:00:00 AM,14-08-2025 10:00,8,Focused,Work,Office Space,1,1,
"Thursday, August 14, 2025",11:00:00 AM,14-08-2025 11:00,7,Happy,Lunch,Dining Room,0,1,
"Thursday, August 14, 2025",12:00:00 PM,14-08-2025 12:00,7,Tired,Work,Office Space,1,1,
"Thursday, August 14, 2025",1:00:00 PM,14-08-2025 13:00,6,Calm,Work,Office Space,1,1,
"Thursday, August 14, 2025",2:00:00 PM,14-08-2025 14:00,7,Focused,Work,Office Space,1,1,
"Thursday, August 14, 2025",3:00:00 PM,14-08-2025 15:00,7,Focused,Work,Office Space,1,1,
"Thursday, August 14, 2025",4:00:00 PM,14-08-2025 16:00,7,Tired,Gaming,Gaming Room,4,1,
"Thursday, August 14, 2025",5:00:00 PM,14-08-2025 17:00,6,Calm,Gaming,Gaming Room,10,0,
"Thursday, August 14, 2025",6:00:00 PM,14-08-2025 18:00,7,Calm,Chilling,In-laws,0,0,
"Thursday, August 14, 2025",7:00:00 PM,14-08-2025 19:00,7,Excited,Chilling,In-laws,0,0,
"Thursday, August 14, 2025",8:00:00 PM,14-08-2025 20:00,8,Energised,Chilling,In-laws,0,0,
"Thursday, August 14, 2025",9:00:00 PM,14-08-2025 21:00,8,Energised,Chilling,In-laws,0,0,
"Thursday, August 14, 2025",10:00:00 PM,14-08-2025 22:00,8,Excited,Chilling,Ilford Lane,0,0,
"Thursday, August 14, 2025",11:00:00 PM,14-08-2025 23:00,8,Excited,Chilling,Ilford Lane,0,0,
"Friday, August 15, 2025",9:00:00 AM,15-08-2025 09:00,6,Tired,Sleep,Bedroom,0,0,
"Friday, August 15, 2025",10:00:00 AM,15-08-2025 10:00,8,Focused,Work,Office Space,1,2,
"Friday, August 15, 2025",11:00:00 AM,15-08-2025 11:00,9,Happy,Gaming,Gaming Room,5,0,
"Friday, August 15, 2025",12:00:00 PM,15-08-2025 12:00,7,Happy,Lunch,Dining Room,0,0,
"Friday, August 15, 2025",1:00:00 PM,15-08-2025 13:00,6,Tired,Work,Office Space,1,1,
"Friday, August 15, 2025",2:00:00 PM,15-08-2025 14:00,6,Fulfilled,Prayer,Mosque,1,0,
"Friday, August 15, 2025",3:00:00 PM,15-08-2025 15:00,7,Excited,Walk,Ilford Lane,1,2,
"Friday, August 15, 2025",4:00:00 PM,15-08-2025 16:00,8,Excited,YouTube,Office Space,5,0,
"Friday, August 15, 2025",5:00:00 PM,15-08-2025 17:00,8,Excited,Driving,Friend's House,0,0,
"Friday, August 15, 2025",6:00:00 PM,15-08-2025 18:00,8,Happy,Chilling,Friend's House,0,0,
"Friday, August 15, 2025",7:00:00 PM,15-08-2025 19:00,8,Happy,Chilling,Friend's House,0,0,
"Friday, August 15, 2025",8:00:00 PM,15-08-2025 20:00,8,Tired,Chilling,Friend's House,0,0,
"Friday, August 15, 2025",9:00:00 PM,15-08-2025 21:00,8,Tired,Driving,Friend's House,0,0,
"Friday, August 15, 2025",10:00:00 PM,15-08-2025 22:00,8,Energised,Desk Setup,Office Space,0,1,
"Friday, August 15, 2025",11:00:00 PM,15-08-2025 23:00,8,Excited,Date Night,Bedroom,0,1,
"Saturday, August 16, 2025",9:00:00 AM,16-08-2025 09:00,,,,,,,
"Saturday, August 16, 2025",10:00:00 AM,16-08-2025 10:00,,,,,,,
"Saturday, August 16, 2025",11:00:00 AM,16-08-2025 11:00,7,Tired,Sleep,Bedroom,,,
"Saturday, August 16, 2025",12:00:00 PM,16-08-2025 12:00,8,Happy,Chilling,Bedroom,10,0,
"Saturday, August 16, 2025",1:00:00 PM,16-08-2025 13:00,8,Energised,Exercise,Bedroom,1,1,
"Saturday, August 16, 2025",2:00:00 PM,16-08-2025 14:00,8,Happy,Lunch,Dining Room,0,1,
"Saturday, August 16, 2025",3:00:00 PM,16-08-2025 15:00,8,Happy,Movie,Bedroom,0,0,
"Saturday, August 16, 2025",4:00:00 PM,16-08-2025 16:00,8,Fulfilled,Movie,Bedroom,0,0,
"Saturday, August 16, 2025",5:00:00 PM,16-08-2025 17:00,4,Energised,Nerf,Gaming Room,0,0,
"Saturday, August 16, 2025",6:00:00 PM,16-08-2025 18:00,6,Tired,Movie,Bedroom,0,0,
"Saturday, August 16, 2025",7:00:00 PM,16-08-2025 19:00,7,Tired,Movie,Bedroom,0,0,
"Saturday, August 16, 2025",8:00:00 PM,16-08-2025 20:00,9,Loved,Exercise,Bedroom,0,0,
"Saturday, August 16, 2025",9:00:00 PM,16-08-2025 21:00,7,Happy,Movie,Bedroom,0,0,
"Saturday, August 16, 2025",10:00:00 PM,16-08-2025 22:00,7,Happy,Documentary,Bedroom,0,1,
"Saturday, August 16, 2025",11:00:00 PM,16-08-2025 23:00,7,Energised,Documentary,Bedroom,0,1,
"Sunday, August 17, 2025",9:00:00 AM,17-08-2025 09:00,,,,,,,
"Sunday, August 17, 2025",10:00:00 AM,17-08-2025 10:00,,,,,,,
"Sunday, August 17, 2025",11:00:00 AM,17-08-2025 11:00,,,,,,,
"Sunday, August 17, 2025",12:00:00 PM,17-08-2025 12:00,8,Happy,Sleep,Bedroom,0,0,
"Sunday, August 17, 2025",1:00:00 PM,17-08-2025 13:00,7,Energised,Chilling,Bedroom,0,0,
"Sunday, August 17, 2025",2:00:00 PM,17-08-2025 14:00,7,Tired,Lunch,Dining Room,0,0,
"Sunday, August 17, 2025",3:00:00 PM,17-08-2025 15:00,7,Excited,Board Games ,Bedroom,0,0,
"Sunday, August 17, 2025",4:00:00 PM,17-08-2025 16:00,7,Excited,Board Games ,Bedroom,0,0,
"Sunday, August 17, 2025",5:00:00 PM,17-08-2025 17:00,7,Excited,Football ,Sitting Room,0,0,
"Sunday, August 17, 2025",6:00:00 PM,17-08-2025 18:00,7,Excited,Football ,Sitting Room,0,0,
"Sunday, August 17, 2025",7:00:00 PM,17-08-2025 19:00,7,Fulfilled,Chilling,Bedroom,0,0,
"Sunday, August 17, 2025",8:00:00 PM,17-08-2025 20:00,6,Loved,Chilling,Bedroom,0,0,
"Sunday, August 17, 2025",9:00:00 PM,17-08-2025 21:00,8,Loved,Chilling,Bedroom,0,0,
"Sunday, August 17, 2025",10:00:00 PM,17-08-2025 22:00,7,Loved,Chilling,Bedroom,0,0,
"Sunday, August 17, 2025",11:00:00 PM,17-08-2025 23:00,9,Loved,Chilling,Bedroom,0,0,
"Monday, August 18, 2025",9:00:00 AM,18-08-2025 09:00,9,Happy,Gaming,Gaming Room,0,0,
"Monday, August 18, 2025",10:00:00 AM,18-08-2025 10:00,8,Happy,Chilling,Gaming Room,10,0,
"Monday, August 18, 2025",11:00:00 AM,18-08-2025 11:00,8,Happy,Anime,Gaming Room,10,0,
"Monday, August 18, 2025",12:00:00 PM,18-08-2025 12:00,7,Happy,Lunch,Dining Room,0,0,
"Monday, August 18, 2025",1:00:00 PM,18-08-2025 13:00,8,Happy,Lunch,Dining Room,10,0,
"Monday, August 18, 2025",2:00:00 PM,18-08-2025 14:00,7,Energised,Anime,Bedroom,10,0,
"Monday, August 18, 2025",3:00:00 PM,18-08-2025 15:00,6,Energised,Anime,Bedroom,10,0,
"Monday, August 18, 2025",4:00:00 PM,18-08-2025 16:00,7,Happy,Drama,Bedroom,10,0,
"Monday, August 18, 2025",5:00:00 PM,18-08-2025 17:00,7,Angry,Personality Test,Bedroom,8,1,
"Monday, August 18, 2025",6:00:00 PM,18-08-2025 18:00,4,Tired,Anime,Bedroom,10,0,
"Monday, August 18, 2025",7:00:00 PM,18-08-2025 19:00,3,Tired,Dinner,Dining Room,0,0,
"Monday, August 18, 2025",8:00:00 PM,18-08-2025 20:00,4,Tired,Anime,Bedroom,10,0,
"Monday, August 18, 2025",9:00:00 PM,18-08-2025 21:00,5,Tired,Anime,Bedroom,10,0,
"Monday, August 18, 2025",10:00:00 PM,18-08-2025 22:00,6,Tired,Anime,Bedroom,10,0,
"Monday, August 18, 2025",11:00:00 PM,18-08-2025 23:00,6,Excited,Anime,Bedroom,10,0,
"Tuesday, August 19, 2025",9:00:00 AM,19-08-2025 09:00,4,Tired,Sleep,Bedroom,0,0,
"Tuesday, August 19, 2025",10:00:00 AM,19-08-2025 10:00,6,Energised,Anime,Bedroom,10,0,
"Tuesday, August 19, 2025",11:00:00 AM,19-08-2025 11:00,8,Happy,Chilling,Bedroom,10,0,
"Tuesday, August 19, 2025",12:00:00 PM,19-08-2025 12:00,6,Happy,Lunch,Dining Room,0,0,
"Tuesday, August 19, 2025",1:00:00 PM,19-08-2025 13:00,7,Happy,Work,Office Space,1,1,Applying for jobs
"Tuesday, August 19, 2025",2:00:00 PM,19-08-2025 14:00,6,Happy,Work,Office Space,1,1,DS Research for upskilling / portfolio
"Tuesday, August 19, 2025",3:00:00 PM,19-08-2025 15:00,6,Frustrated,Reading,Bedroom,6,1,
"Tuesday, August 19, 2025",4:00:00 PM,19-08-2025 16:00,7,Tired,Chilling,Beckton,8,1,
"Tuesday, August 19, 2025",5:00:00 PM,19-08-2025 17:00,8,Happy,Chilling,Beckton,8,1,
"Tuesday, August 19, 2025",6:00:00 PM,19-08-2025 18:00,8,Happy,Chilling,Beckton,0,1,
"Tuesday, August 19, 2025",7:00:00 PM,19-08-2025 19:00,6,Happy,Chilling,Beckton,0,1,
"Tuesday, August 19, 2025",8:00:00 PM,19-08-2025 20:00,6,Happy,Food,Dining Room,0,0,
"Tuesday, August 19, 2025",9:00:00 PM,19-08-2025 21:00,4,Happy,Anime,Bedroom,0,0,
"Tuesday, August 19, 2025",10:00:00 PM,19-08-2025 22:00,8,Happy,Anime,Bedroom,0,0,
"Tuesday, August 19, 2025",11:00:00 PM,19-08-2025 23:00,8,Happy,TV,Bedroom,0,0,
"Wednesday, August 20, 2025",9:00:00 AM,20-08-2025 09:00,7,Tired,Sleep,Bedroom,0,0,
"Wednesday, August 20, 2025",10:00:00 AM,20-08-2025 10:00,6,Tired,"Work, Chilling",Bedroom,5,1,
"Wednesday, August 20, 2025",11:00:00 AM,20-08-2025 11:00,8,Focused,Work,Office Space,5,1,
"Wednesday, August 20, 2025",12:00:00 PM,20-08-2025 12:00,6,Tired,Lunch,Dining Room,0,0,
"Wednesday, August 20, 2025",1:00:00 PM,20-08-2025 13:00,8,Focused,Work,Office Space,1,1,
"Wednesday, August 20, 2025",2:00:00 PM,20-08-2025 14:00,8,Focused,Work,Office Space,1,1,
"Wednesday, August 20, 2025",3:00:00 PM,20-08-2025 15:00,7,Focused,Work,Office Space,1,1,
"Wednesday, August 20, 2025",4:00:00 PM,20-08-2025 16:00,7,Focused,Work,Office Space,1,1,
"Wednesday, August 20, 2025",5:00:00 PM,20-08-2025 17:00,8,Hangry,Work,Office Space,1,1,
"Wednesday, August 20, 2025",6:00:00 PM,20-08-2025 18:00,8,Upset,Food,Kitchen,0,1,
"Wednesday, August 20, 2025",7:00:00 PM,20-08-2025 19:00,4,Numb,Netflix,Bedroom,0,1,
"Wednesday, August 20, 2025",8:00:00 PM,20-08-2025 20:00,4,Numb,Chilling,Car,0,0,
"Wednesday, August 20, 2025",9:00:00 PM,20-08-2025 21:00,4,Upset,Chilling,Car,0,0,
"Wednesday, August 20, 2025",10:00:00 PM,20-08-2025 22:00,4,Angry,Prayer,Mosque,0,0,
"Wednesday, August 20, 2025",11:00:00 PM,20-08-2025 23:00,4,Numb,Gaming,Gaming Room,0,0,
"Thursday, August 21, 2025",9:00:00 AM,21-08-2025 09:00,4,Tired,Sleep,Bedroom,0,0,
"Thursday, August 21, 2025",10:00:00 AM,21-08-2025 10:00,6,Tired,Exercise,Bedroom,1,1,
"Thursday, August 21, 2025",11:00:00 AM,21-08-2025 11:00,6,Loved,"Work, Gaming",Office Space,5,2,
"Thursday, August 21, 2025",12:00:00 PM,21-08-2025 12:00,7,Energised,Lunch,Dining Room,0,0,
"Thursday, August 21, 2025",1:00:00 PM,21-08-2025 13:00,4,Tired,Chilling,Dining Room,8,1,
"Thursday, August 21, 2025",2:00:00 PM,21-08-2025 14:00,6,Tired,Gaming,Gaming Room,10,0,
"Thursday, August 21, 2025",3:00:00 PM,21-08-2025 15:00,6,Tired,Gaming,Gaming Room,10,0,
"Thursday, August 21, 2025",4:00:00 PM,21-08-2025 16:00,8,Excited,Planning,Office Space,5,1,
"Thursday, August 21, 2025",5:00:00 PM,21-08-2025 17:00,7,Excited,Chilling,In-Laws,0,0,
"Thursday, August 21, 2025",6:00:00 PM,21-08-2025 18:00,7,Happy,Chilling,In-Laws,0,0,
"Thursday, August 21, 2025",7:00:00 PM,21-08-2025 19:00,7,Happy,Chilling,In-Laws,0,0,
"Thursday, August 21, 2025",8:00:00 PM,21-08-2025 20:00,7,Happy,Chilling,In-Laws,0,0,
"Thursday, August 21, 2025",9:00:00 PM,21-08-2025 21:00,7,Happy,Chilling,In-Laws,0,0,
"Thursday, August 21, 2025",10:00:00 PM,21-08-2025 22:00,6,Happy,Chilling,In-Laws,0,0,
"Thursday, August 21, 2025",11:00:00 PM,21-08-2025 23:00,6,Happy,Chilling,Bedroom,0,0,
"Friday, August 22, 2025",9:00:00 AM,22-08-2025 09:00,4,Happy,Sleep,Bedroom,0,0,
"Friday, August 22, 2025",10:00:00 AM,22-08-2025 10:00,8,Happy,Work,Office Space,5,2,
"Friday, August 22, 2025",11:00:00 AM,22-08-2025 11:00,6,Happy,Work,Office Space,1,1,
"Friday, August 22, 2025",12:00:00 PM,22-08-2025 12:00,7,Happy,Lunch,Dining Room,0,0,
"Friday, August 22, 2025",1:00:00 PM,22-08-2025 13:00,8,Happy,Shower,Bathroom,4,1,
"Friday, August 22, 2025",2:00:00 PM,22-08-2025 14:00,7,Happy,Prayer,Mosque,4,1,
"Friday, August 22, 2025",3:00:00 PM,22-08-2025 15:00,7,Focused,Work,Office Space,1,1,
"Friday, August 22, 2025",4:00:00 PM,22-08-2025 16:00,9,Focused,Work,Office Space,1,1,
"Friday, August 22, 2025",5:00:00 PM,22-08-2025 17:00,8,Happy,"Work, Gaming",Office Space,5,1,
"Friday, August 22, 2025",6:00:00 PM,22-08-2025 18:00,7,Happy,Gaming,Gaming Room,0,0,
"Friday, August 22, 2025",7:00:00 PM,22-08-2025 19:00,8,Happy,Dinner,Dining Room,0,0,
"Friday, August 22, 2025",8:00:00 PM,22-08-2025 20:00,8,Happy,TV,Bedroom,0,0,
"Friday, August 22, 2025",9:00:00 PM,22-08-2025 21:00,6,Happy,TV,Bedroom,0,0,
"Friday, August 22, 2025",10:00:00 PM,22-08-2025 22:00,6,Happy,TV,Bedroom,0,0,
"Friday, August 22, 2025",11:00:00 PM,22-08-2025 23:00,6,Happy,TV,Bedroom,0,0,
"Saturday, August 23, 2025",9:00:00 AM,23-08-2025 09:00,,,,,,,
"Saturday, August 23, 2025",10:00:00 AM,23-08-2025 10:00,8,Happy,Sleep,Bedroom,0,0,
"Saturday, August 23, 2025",11:00:00 AM,23-08-2025 11:00,8,Happy,Chilling,Bedroom,0,0,
"Saturday, August 23, 2025",12:00:00 PM,23-08-2025 12:00,8,Tired,Lunch,Dining Room,0,0,
"Saturday, August 23, 2025",1:00:00 PM,23-08-2025 13:00,6,Angry,Chilling,Sitting Room,0,0,
"Saturday, August 23, 2025",2:00:00 PM,23-08-2025 14:00,6,Frustrated,Chilling,Bedroom,0,0,
"Saturday, August 23, 2025",3:00:00 PM,23-08-2025 15:00,8,Happy,Gaming,Gaming Room,0,0,
"Saturday, August 23, 2025",4:00:00 PM,23-08-2025 16:00,8,Happy,Chilling,Dagenham Bowl,0,0,
"Saturday, August 23, 2025",5:00:00 PM,23-08-2025 17:00,8,Happy,Chilling,Dagenham Bowl,0,0,
"Saturday, August 23, 2025",6:00:00 PM,23-08-2025 18:00,6,Happy,Food,Wingstop,0,0,
"Saturday, August 23, 2025",7:00:00 PM,23-08-2025 19:00,6,Happy,TV,Bedroom,0,0,
"Saturday, August 23, 2025",8:00:00 PM,23-08-2025 20:00,6,Happy,TV,Bedroom,0,0,
"Saturday, August 23, 2025",9:00:00 PM,23-08-2025 21:00,7,Happy,TV,Bedroom,0,0,
"Saturday, August 23, 2025",10:00:00 PM,23-08-2025 22:00,7,Happy,TV,Bedroom,0,0,
"Saturday, August 23, 2025",11:00:00 PM,23-08-2025 23:00,7,Happy,TV,Bedroom,0,0,
"Sunday, August 24, 2025",9:00:00 AM,24-08-2025 09:00,,,,,,,
"Sunday, August 24, 2025",10:00:00 AM,24-08-2025 10:00,,,,,,,
"Sunday, August 24, 2025",11:00:00 AM,24-08-2025 11:00,4,Tired,Sleep,Bedroom,0,0,
"Sunday, August 24, 2025",12:00:00 PM,24-08-2025 12:00,7,Excited,Chilling,Bedroom,0,0,
"Sunday, August 24, 2025",1:00:00 PM,24-08-2025 13:00,4,Tired,Lunch,Dining Room,0,0,
"Sunday, August 24, 2025",2:00:00 PM,24-08-2025 14:00,5,Tired,Chilling,Bedroom,0,0,
"Sunday, August 24, 2025",3:00:00 PM,24-08-2025 15:00,5,Tired,Chilling,Bedroom,0,0,
"Sunday, August 24, 2025",4:00:00 PM,24-08-2025 16:00,5,Tired,Gaming,Gaming Room,0,0,
"Sunday, August 24, 2025",5:00:00 PM,24-08-2025 17:00,6,Tired,Chilling,Bedroom,0,0,
"Sunday, August 24, 2025",6:00:00 PM,24-08-2025 18:00,6,Tired,Reading,Dining Room,0,0,
"Sunday, August 24, 2025",7:00:00 PM,24-08-2025 19:00,7,Tired,"Reading, Chilling",Dining Room,0,0,
"Sunday, August 24, 2025",8:00:00 PM,24-08-2025 20:00,7,Tired,Dinner,Dining Room,0,0,
"Sunday, August 24, 2025",9:00:00 PM,24-08-2025 21:00,7,Tired,Chilling,Bedroom,0,0,
"Sunday, August 24, 2025",10:00:00 PM,24-08-2025 22:00,7,Tired,Movie,Bedroom,0,0,
"Sunday, August 24, 2025",11:00:00 PM,24-08-2025 23:00,7,Tired,Movie,Bedroom,0,0,
"Monday, August 25, 2025",9:00:00 AM,25-08-2025 09:00,,,,,,0,
"Monday, August 25, 2025",10:00:00 AM,25-08-2025 10:00,4,Tired,Chilling,Bedroom,0,0,
"Monday, August 25, 2025",11:00:00 AM,25-08-2025 11:00,4,Tired,Breakfast,Dining Room,0,0,
"Monday, August 25, 2025",12:00:00 PM,25-08-2025 12:00,4,Tired,Shower,Bathroom,0,0,
"Monday, August 25, 2025",1:00:00 PM,25-08-2025 13:00,5,Tired,Chilling,Bedroom,0,0,
"Monday, August 25, 2025",2:00:00 PM,25-08-2025 14:00,6,Tired,Travel,Tfl,0,0,
"Monday, August 25, 2025",3:00:00 PM,25-08-2025 15:00,8,Excited,Museum,South Kensington,0,0,
"Monday, August 25, 2025",4:00:00 PM,25-08-2025 16:00,7,Happy,Museum,South Kensington,0,0,
"Monday, August 25, 2025",5:00:00 PM,25-08-2025 17:00,4,Tired,Walk,London,0,0,
"Monday, August 25, 2025",6:00:00 PM,25-08-2025 18:00,4,Tired,Travel,Tfl,0,0,
"Monday, August 25, 2025",7:00:00 PM,25-08-2025 19:00,6,Tired,Chilling,Bedroom,0,0,
"Monday, August 25, 2025",8:00:00 PM,25-08-2025 20:00,6,Fulfilled,Chilling,Bedroom,0,0,
"Monday, August 25, 2025",9:00:00 PM,25-08-2025 21:00,6,Fulfilled,Chilling,Bedroom,0,0,
"Monday, August 25, 2025",10:00:00 PM,25-08-2025 22:00,6,Fulfilled,Chilling,Bedroom,0,0,
"Monday, August 25, 2025",11:00:00 PM,25-08-2025 23:00,4,Happy,Gaming,Gaming Room,0,0,
"Tuesday, August 26, 2025",9:00:00 AM,26-08-2025 09:00,4,Tired,Sleep,Bedroom,0,0,
"Tuesday, August 26, 2025",10:00:00 AM,26-08-2025 10:00,8,Focused,Work,Office Space,1,1,
"Tuesday, August 26, 2025",11:00:00 AM,26-08-2025 11:00,7,Energised,Work,Office Space,1,1,
"Tuesday, August 26, 2025",12:00:00 PM,26-08-2025 12:00,8,Energised,Lunch,Dining Room,0,0,
"Tuesday, August 26, 2025",1:00:00 PM,26-08-2025 13:00,8,Focused,Work,Office Space,1,1,
"Tuesday, August 26, 2025",2:00:00 PM,26-08-2025 14:00,8,Focused,Work,Office Space,1,1,
"Tuesday, August 26, 2025",3:00:00 PM,26-08-2025 15:00,7,Energised,"Work, Gaming",Office Space,5,1,
"Tuesday, August 26, 2025",4:00:00 PM,26-08-2025 16:00,7,Energised,"Work, Gaming",Office Space,5,1,
"Tuesday, August 26, 2025",5:00:00 PM,26-08-2025 17:00,8,Energised,Gaming,Gaming Room,0,0,
"Tuesday, August 26, 2025",6:00:00 PM,26-08-2025 18:00,8,Energised,Gaming,Gaming Room,0,0,
"Tuesday, August 26, 2025",7:00:00 PM,26-08-2025 19:00,8,Happy,"Dinner, Gaming",Gaming Room,0,0,
"Tuesday, August 26, 2025",8:00:00 PM,26-08-2025 20:00,7,Happy,"Gaming, YouTube",Gaming Room,0,0,
"Tuesday, August 26, 2025",9:00:00 PM,26-08-2025 21:00,7,Happy,YouTube,Bedroom,0,0,
"Tuesday, August 26, 2025",10:00:00 PM,26-08-2025 22:00,7,Happy,YouTube,Bedroom,0,0,
"Tuesday, August 26, 2025",11:00:00 PM,26-08-2025 23:00,6,Happy,Reading,Bedroom,0,1,
"Wednesday, August 27, 2025",9:00:00 AM,27-08-2025 09:00,7,Tired,Sleep,Bedroom,0,0,
"Wednesday, August 27, 2025",10:00:00 AM,27-08-2025 10:00,8,Energised,Chilling,Office Space,10,0,
"Wednesday, August 27, 2025",11:00:00 AM,27-08-2025 11:00,8,Energised,Chilling,Office Space,8,1,
"Wednesday, August 27, 2025",12:00:00 PM,27-08-2025 12:00,6,Excited,Lunch,Dining Room,0,0,
"Wednesday, August 27, 2025",1:00:00 PM,27-08-2025 13:00,6,Bored,"Shower, Plan",Office Space,3,2,
"Wednesday, August 27, 2025",2:00:00 PM,27-08-2025 14:00,8,Energised,Work,Office Space,1,1,
"Wednesday, August 27, 2025",3:00:00 PM,27-08-2025 15:00,8,"Focused, Energised",Work,Office Space,1,1,
"Wednesday, August 27, 2025",4:00:00 PM,27-08-2025 16:00,7,"Focused, Happy",Work,Office Space,5,2,
"Wednesday, August 27, 2025",5:00:00 PM,27-08-2025 17:00,8,Fulfilled,TV,Bedroom,0,0,
"Wednesday, August 27, 2025",6:00:00 PM,27-08-2025 18:00,7,Happy,TV,Bedroom,0,0,
"Wednesday, August 27, 2025",7:00:00 PM,27-08-2025 19:00,8,Hangry,"Prayer, Dinner","Mosque, Dining Room",0,0,
"Wednesday, August 27, 2025",8:00:00 PM,27-08-2025 20:00,8,Fulfilled,Walk,Outdoors,0,0,
"Wednesday, August 27, 2025",9:00:00 PM,27-08-2025 21:00,8,Happy,TV,Bedroom,0,0,
"Wednesday, August 27, 2025",10:00:00 PM,27-08-2025 22:00,7,Happy,TV,Bedroom,0,0,
"Wednesday, August 27, 2025",11:00:00 PM,27-08-2025 23:00,6,Happy,TV,Bedroom,0,0,
"Thursday, August 28, 2025",9:00:00 AM,28-08-2025 09:00,7,Tired,Sleep,Bedroom,0,0,
"Thursday, August 28, 2025",10:00:00 AM,28-08-2025 10:00,7,Happy,Chilling,Bedroom,8,0,
"Thursday, August 28, 2025",11:00:00 AM,28-08-2025 11:00,8,Happy,"Chilling, Breakfast","Bedroom, Dining Room",5,0,
"Thursday, August 28, 2025",12:00:00 PM,28-08-2025 12:00,,,,,,,
"Thursday, August 28, 2025",1:00:00 PM,28-08-2025 13:00,,,,,,,
"Thursday, August 28, 2025",2:00:00 PM,28-08-2025 14:00,,,,,,,
"Thursday, August 28, 2025",3:00:00 PM,28-08-2025 15:00,,,,,,,
"Thursday, August 28, 2025",4:00:00 PM,28-08-2025 16:00,,,,,,,
"Thursday, August 28, 2025",5:00:00 PM,28-08-2025 17:00,,,,,,,
"Thursday, August 28, 2025",6:00:00 PM,28-08-2025 18:00,,,,,,,
"Thursday, August 28, 2025",7:00:00 PM,28-08-2025 19:00,,,,,,,
"Thursday, August 28, 2025",8:00:00 PM,28-08-2025 20:00,,,,,,,
"Thursday, August 28, 2025",9:00:00 PM,28-08-2025 21:00,,,,,,,
"Thursday, August 28, 2025",10:00:00 PM,28-08-2025 22:00,,,,,,,
"Thursday, August 28, 2025",11:00:00 PM,28-08-2025 23:00,,,,,,,
"Friday, August 29, 2025",9:00:00 AM,29-08-2025 09:00,4,Tired,Sleep,Bedroom,0,0,
"Friday, August 29, 2025",10:00:00 AM,29-08-2025 10:00,6,Tired,Chilling,Bedroom,5,0,
"Friday, August 29, 2025",11:00:00 AM,29-08-2025 11:00,7,Excited,Gaming,Gaming Room,8,0,
"Friday, August 29, 2025",12:00:00 PM,29-08-2025 12:00,8,Fulfilled,Chilling,Bedroom,3,1,
"Friday, August 29, 2025",1:00:00 PM,29-08-2025 13:00,7,Happy,"Lunch, Cleaning","Dining Room, Bedroom",0,2,
"Friday, August 29, 2025",2:00:00 PM,29-08-2025 14:00,6,Fulfilled,"Cleaning, Prayer","Bedroom, Mosque",1,1,
"Friday, August 29, 2025",3:00:00 PM,29-08-2025 15:00,7,Excited,Anime,Bedroom,9,0,
"Friday, August 29, 2025",4:00:00 PM,29-08-2025 16:00,8,Excited,Anime,Bedroom,9,0,
"Friday, August 29, 2025",5:00:00 PM,29-08-2025 17:00,7,Excited,TV,Bedroom,0,0,
"Friday, August 29, 2025",6:00:00 PM,29-08-2025 18:00,7,Excited,TV,Bedroom,0,0,
"Friday, August 29, 2025",7:00:00 PM,29-08-2025 19:00,6,Tired,TV,Bedroom,0,0,
"Friday, August 29, 2025",8:00:00 PM,29-08-2025 20:00,7,Happy,Walk,Outdoors,0,0,
"Friday, August 29, 2025",9:00:00 PM,29-08-2025 21:00,7,Hangry,Dinner,Dining Room,0,0,
"Friday, August 29, 2025",10:00:00 PM,29-08-2025 22:00,8,Frustrated,Scrabble,Bedroom,0,0,
"Friday, August 29, 2025",11:00:00 PM,29-08-2025 23:00,,,,,,,
"Saturday, August 30, 2025",9:00:00 AM,30-08-2025 09:00,,,,,,,
"Saturday, August 30, 2025",10:00:00 AM,30-08-2025 10:00,,,,,,,
"Saturday, August 30, 2025",11:00:00 AM,30-08-2025 11:00,6,Tired,Sleep,Bedroom,0,0,
"Saturday, August 30, 2025",12:00:00 PM,30-08-2025 12:00,6,Tired,Chilling,Bedroom,0,0,
"Saturday, August 30, 2025",1:00:00 PM,30-08-2025 13:00,6,Calm,Breakfast,Dining Room,0,0,
"Saturday, August 30, 2025",2:00:00 PM,30-08-2025 14:00,7,Excited,Chilling,Bedroom,0,0,
"Saturday, August 30, 2025",3:00:00 PM,30-08-2025 15:00,7,Energised,Shopping,Beckton,0,0,
"Saturday, August 30, 2025",4:00:00 PM,30-08-2025 16:00,7,Happy,Shopping,Beckton,0,0,
"Saturday, August 30, 2025",5:00:00 PM,30-08-2025 17:00,7,Happy,Shopping,Beckton,0,0,
"Saturday, August 30, 2025",6:00:00 PM,30-08-2025 18:00,7,Happy,Shopping,Beckton,0,0,
"Saturday, August 30, 2025",7:00:00 PM,30-08-2025 19:00,7,Happy,Shopping,Beckton,0,0,
"Saturday, August 30, 2025",8:00:00 PM,30-08-2025 20:00,7,Tired,Chilling,Bedroom,0,0,
"Saturday, August 30, 2025",9:00:00 PM,30-08-2025 21:00,7,Happy,Chilling,Bedroom,0,0,
"Saturday, August 30, 2025",10:00:00 PM,30-08-2025 22:00,7,Happy,Chilling,Bedroom,0,0,
"Saturday, August 30, 2025",11:00:00 PM,30-08-2025 23:00,4,Happy,Chilling,Bedroom,0,0,
"Sunday, August 31, 2025",9:00:00 AM,31-08-2025 09:00,,,,,,,
"Sunday, August 31, 2025",10:00:00 AM,31-08-2025 10:00,,,,,,,
"Sunday, August 31, 2025",11:00:00 AM,31-08-2025 11:00,6,Tired,Sleep,Bedroom,0,0,
"Sunday, August 31, 2025",12:00:00 PM,31-08-2025 12:00,8,Fulfilled,Chilling,Bedroom,0,0,
"Sunday, August 31, 2025",1:00:00 PM,31-08-2025 13:00,7,Happy,Breakfast,Dining Room,0,0,
"Sunday, August 31, 2025",2:00:00 PM,31-08-2025 14:00,4,Happy,Chilling,Bedroom,0,0,
"Sunday, August 31, 2025",3:00:00 PM,31-08-2025 15:00,4,Happy,Chilling,Bedroom,0,0,
"Sunday, August 31, 2025",4:00:00 PM,31-08-2025 16:00,4,Happy,Chilling,Bedroom,0,0,
"Sunday, August 31, 2025",5:00:00 PM,31-08-2025 17:00,,,,,,,
"Sunday, August 31, 2025",6:00:00 PM,31-08-2025 18:00,,,,,,,
"Sunday, August 31, 2025",7:00:00 PM,31-08-2025 19:00,,,,,,,
"Sunday, August 31, 2025",8:00:00 PM,31-08-2025 20:00,,,,,,,
"Sunday, August 31, 2025",9:00:00 PM,31-08-2025 21:00,,,,,,,
"Sunday, August 31, 2025",10:00:00 PM,31-08-2025 22:00,,,,,,,
"Sunday, August 31, 2025",11:00:00 PM,31-08-2025 23:00,,,,,,,
"Monday, September 1, 2025",9:00:00 AM,01-09-2025 09:00,7,Energised,Sleep,Bedroom,0,0,
"Monday, September 1, 2025",10:00:00 AM,01-09-2025 10:00,8,Energised,Walk,Outdoors ,1,0,
"Monday, September 1, 2025",11:00:00 AM,01-09-2025 11:00,8,Happy,Chilling,Bedroom,1,0,
"Monday, September 1, 2025",12:00:00 PM,01-09-2025 12:00,8,Happy,Chilling,Bedroom,1,0,
"Monday, September 1, 2025",1:00:00 PM,01-09-2025 13:00,6,Happy,Lunch,Dining Room,0,0,
"Monday, September 1, 2025",2:00:00 PM,01-09-2025 14:00,6,Happy,Anime,Bedroom,1,0,
"Monday, September 1, 2025",3:00:00 PM,01-09-2025 15:00,8,Happy,Career Development ,Office Space,5,1,
"Monday, September 1, 2025",4:00:00 PM,01-09-2025 16:00,6,Happy,Anime,Bedroom,10,0,
"Monday, September 1, 2025",5:00:00 PM,01-09-2025 17:00,7,Tired,Board Games,Bedroom,10,0,
"Monday, September 1, 2025",6:00:00 PM,01-09-2025 18:00,,,,,,,
"Monday, September 1, 2025",7:00:00 PM,01-09-2025 19:00,,,,,,,
"Monday, September 1, 2025",8:00:00 PM,01-09-2025 20:00,,,,,,,
"Monday, September 1, 2025",9:00:00 PM,01-09-2025 21:00,,,,,,,
"Monday, September 1, 2025",10:00:00 PM,01-09-2025 22:00,,,,,,,
"Monday, September 1, 2025",11:00:00 PM,01-09-2025 23:00,5,Tired,Anime,Bedroom,0,0,
"Tuesday, September 2, 2025",9:00:00 AM,02-09-2025 09:00,6,Tired,Sleep,Bedroom,0,0,
"Tuesday, September 2, 2025",10:00:00 AM,02-09-2025 10:00,8,Energised,Cleaning,"Bathroom, Bedroom",1,2,
"Tuesday, September 2, 2025",11:00:00 AM,02-09-2025 11:00,9,Tired,Chilling,Bedroom,8,0,
"Tuesday, September 2, 2025",12:00:00 PM,02-09-2025 12:00,9,Energised,Work,Office Space,1,1,
"Tuesday, September 2, 2025",1:00:00 PM,02-09-2025 13:00,9,Energised,Work,Office Space,1,1,
"Tuesday, September 2, 2025",2:00:00 PM,02-09-2025 14:00,8,Happy,Lunch,Dining Room,0,0,
"Tuesday, September 2, 2025",3:00:00 PM,02-09-2025 15:00,8,Focused,Work,Office Space,1,1,
"Tuesday, September 2, 2025",4:00:00 PM,02-09-2025 16:00,8,Happy,Work,Office Space,1,1,
"Tuesday, September 2, 2025",5:00:00 PM,02-09-2025 17:00,6,Happy,Shower,Bathroom,0,0,
"Tuesday, September 2, 2025",6:00:00 PM,02-09-2025 18:00,7,Excited,Anime,Bedroom,0,0,
"Tuesday, September 2, 2025",7:00:00 PM,02-09-2025 19:00,7,Happy,Anime,Bedroom,0,0,
"Tuesday, September 2, 2025",8:00:00 PM,02-09-2025 20:00,5,Tired,Dinner,Dining Room,0,0,
"Tuesday, September 2, 2025",9:00:00 PM,02-09-2025 21:00,6,Tired,Dessert,Outdoors,0,0,
"Tuesday, September 2, 2025",10:00:00 PM,02-09-2025 22:00,4,Tired,TV,Bedroom,0,0,
"Tuesday, September 2, 2025",11:00:00 PM,02-09-2025 23:00,4,Tired,Winding down,Bedroom,0,0,
"Wednesday, September 3, 2025",9:00:00 AM,03-09-2025 09:00,4,Tired,Sleep,Bedroom,0,0,
"Wednesday, September 3, 2025",10:00:00 AM,03-09-2025 10:00,7,Energised,Planning,Office Space,3,2,Planning day at work and finances
"Wednesday, September 3, 2025",11:00:00 AM,03-09-2025 11:00,8,Energised,Work,Office Space,1,1,
"Wednesday, September 3, 2025",12:00:00 PM,03-09-2025 12:00,5,Happy,Breakfast,Dining room,1,0,
"Wednesday, September 3, 2025",1:00:00 PM,03-09-2025 13:00,5,Happy,Work,Office Space,5,1,
"Wednesday, September 3, 2025",2:00:00 PM,03-09-2025 14:00,7,Happy,Planning,Office Space,4,1,
"Wednesday, September 3, 2025",3:00:00 PM,03-09-2025 15:00,7,Happy,Work,Office Space,4,1,
"Wednesday, September 3, 2025",4:00:00 PM,03-09-2025 16:00,5,Tired,Chilling,Bedroom,1,0,
"Wednesday, September 3, 2025",5:00:00 PM,03-09-2025 17:00,4,Tired,Food,Bedroom,1,0,
"Wednesday, September 3, 2025",6:00:00 PM,03-09-2025 18:00,,,,,,,
"Wednesday, September 3, 2025",7:00:00 PM,03-09-2025 19:00,,,,,,,
"Wednesday, September 3, 2025",8:00:00 PM,03-09-2025 20:00,4,Tired,Chilling,Bedroom,0,0,
"Wednesday, September 3, 2025",9:00:00 PM,03-09-2025 21:00,7,Excited,Movie,Bedroom,0,0,
"Wednesday, September 3, 2025",10:00:00 PM,03-09-2025 22:00,7,Excited,Movie,Bedroom,0,0,
"Wednesday, September 3, 2025",11:00:00 PM,03-09-2025 23:00,4,Tired,Winding Down,Bedroom,0,0,
"Thursday, September 4, 2025",9:00:00 AM,04-09-2025 09:00,3,Tired,Sleep,Bedroom,0,0,
"Thursday, September 4, 2025",10:00:00 AM,04-09-2025 10:00,3,Tired,Chilling,Bedroom,1,0,
"Thursday, September 4, 2025",11:00:00 AM,04-09-2025 11:00,6,Happy,Anime,Bedroom,7,0,
"Thursday, September 4, 2025",12:00:00 PM,04-09-2025 12:00,6,Happy,Breakfast ,Bedroom,1,0,
"Thursday, September 4, 2025",1:00:00 PM,04-09-2025 13:00,5,Happy,Chilling,Office Space,10,0,
"Thursday, September 4, 2025",2:00:00 PM,04-09-2025 14:00,5,Happy,Work,Office Space,5,1,
"Thursday, September 4, 2025",3:00:00 PM,04-09-2025 15:00,5,Focused,Work,Office Space,1,1,
"Thursday, September 4, 2025",4:00:00 PM,04-09-2025 16:00,4,Focused,Work,Office Space,1,1,
"Thursday, September 4, 2025",5:00:00 PM,04-09-2025 17:00,4,"Tired, Frustrated, Focused",Chilling,Bedroom,7,1,
"Thursday, September 4, 2025",6:00:00 PM,04-09-2025 18:00,6,Tired,Chilling,Bedroom,0,0,
"Thursday, September 4, 2025",7:00:00 PM,04-09-2025 19:00,6,Excited,Board games,Bedroom,0,0,
"Thursday, September 4, 2025",8:00:00 PM,04-09-2025 20:00,8,Excited,Cooking,Kitchen,0,0,
"Thursday, September 4, 2025",9:00:00 PM,04-09-2025 21:00,8,Fulfilled,Dinner,Dining Room,0,0,
"Thursday, September 4, 2025",10:00:00 PM,04-09-2025 22:00,4,Fulfilled,Chilling,Bedroom,0,0,
"Thursday, September 4, 2025",11:00:00 PM,04-09-2025 23:00,8,Excited,Movie,Bedroom,0,0,
"Friday, September 5, 2025",9:00:00 AM,05-09-2025 09:00,6,Tired,Sleep,Bedroom,0,0,
"Friday, September 5, 2025",10:00:00 AM,05-09-2025 10:00,8,"Focused, Tired",Work,Office Space,5,1,
"Friday, September 5, 2025",11:00:00 AM,05-09-2025 11:00,7,Energised,Work,Office Space,5,1,
"Friday, September 5, 2025",12:00:00 PM,05-09-2025 12:00,7,Excited,Gaming,Gaming Room,10,0,
"Friday, September 5, 2025",1:00:00 PM,05-09-2025 13:00,8,Excited,Lunch,Dining Room,0,0,
"Friday, September 5, 2025",2:00:00 PM,05-09-2025 14:00,8,Happy,"Prayer, Anime","Mosque, Bedroom",5,1,
"Friday, September 5, 2025",3:00:00 PM,05-09-2025 15:00,8,Excited,"Anime, Walk","Bedroom, Outdoors",5,1,
"Friday, September 5, 2025",4:00:00 PM,05-09-2025 16:00,8,Happy,Walk,Outdoors,1,1,
"Friday, September 5, 2025",5:00:00 PM,05-09-2025 17:00,8,Happy,Chilling,Bedroom,0,0,
"Friday, September 5, 2025",6:00:00 PM,05-09-2025 18:00,7,Happy,Food,Dining Room,0,0,
"Friday, September 5, 2025",7:00:00 PM,05-09-2025 19:00,8,Excited,Movie,Bedroom,0,0,
"Friday, September 5, 2025",8:00:00 PM,05-09-2025 20:00,8,Excited,Movie,Bedroom,0,0,
"Friday, September 5, 2025",9:00:00 PM,05-09-2025 21:00,8,Excited,Movie,Bedroom,0,0,
"Friday, September 5, 2025",10:00:00 PM,05-09-2025 22:00,7,Excited,Movie,Bedroom,0,0,
"Friday, September 5, 2025",11:00:00 PM,05-09-2025 23:00,8,Excited,Movie,Bedroom,0,0,
"Saturday, September 6, 2025",9:00:00 AM,06-09-2025 09:00,,,,,,,
"Saturday, September 6, 2025",10:00:00 AM,06-09-2025 10:00,,,,,,,
"Saturday, September 6, 2025",11:00:00 AM,06-09-2025 11:00,4,Tired,Sleep,Bedroom,0,0,
"Saturday, September 6, 2025",12:00:00 PM,06-09-2025 12:00,7,Excited,Haircut,Hairdresser,0,0,
"Saturday, September 6, 2025",1:00:00 PM,06-09-2025 13:00,8,Excited,Lunch,Dining Room,0,0,
"Saturday, September 6, 2025",2:00:00 PM,06-09-2025 14:00,8,Energised,Chilling,Bedroom,0,0,
"Saturday, September 6, 2025",3:00:00 PM,06-09-2025 15:00,8,Energised,Gaming,Gaming Room,0,0,
"Saturday, September 6, 2025",4:00:00 PM,06-09-2025 16:00,7,Excited,Gaming,Gaming Room,0,0,
"Saturday, September 6, 2025",5:00:00 PM,06-09-2025 17:00,7,Energised,Visiting Family,Uncle Munawwar,0,0,
"Saturday, September 6, 2025",6:00:00 PM,06-09-2025 18:00,8,Energised,Visiting Family,Uncle Munawwar,0,0,
"Saturday, September 6, 2025",7:00:00 PM,06-09-2025 19:00,7,Happy,Visiting Family,Uncle Munawwar,0,0,
"Saturday, September 6, 2025",8:00:00 PM,06-09-2025 20:00,8,Energised,Visiting Family,Uncle Munawwar,0,0,
"Saturday, September 6, 2025",9:00:00 PM,06-09-2025 21:00,,,,,,,
"Saturday, September 6, 2025",10:00:00 PM,06-09-2025 22:00,,,,,,,
"Saturday, September 6, 2025",11:00:00 PM,06-09-2025 23:00,,,,,,,
"Sunday, September 7, 2025",9:00:00 AM,07-09-2025 09:00,,,,,,,
"Sunday, September 7, 2025",10:00:00 AM,07-09-2025 10:00,,,,,,,
"Sunday, September 7, 2025",11:00:00 AM,07-09-2025 11:00,,,,,,,
"Sunday, September 7, 2025",12:00:00 PM,07-09-2025 12:00,8,Energised,Sleep,Bedroom,0,0,
"Sunday, September 7, 2025",1:00:00 PM,07-09-2025 13:00,,,,,,,
"Sunday, September 7, 2025",2:00:00 PM,07-09-2025 14:00,,,,,,,
"Sunday, September 7, 2025",3:00:00 PM,07-09-2025 15:00,8,Energised,Chilling,Bedroom ,0,0,
"Sunday, September 7, 2025",4:00:00 PM,07-09-2025 16:00,,,,,,,
"Sunday, September 7, 2025",5:00:00 PM,07-09-2025 17:00,,,,,,,
"Sunday, September 7, 2025",6:00:00 PM,07-09-2025 18:00,,,,,,,
"Sunday, September 7, 2025",7:00:00 PM,07-09-2025 19:00,,,,,,,
"Sunday, September 7, 2025",8:00:00 PM,07-09-2025 20:00,7,Energised,Gaming,Gaming Room,0,0,
"Sunday, September 7, 2025",9:00:00 PM,07-09-2025 21:00,8,Excited,Board Games,Gaming Room,0,0,
"Sunday, September 7, 2025",10:00:00 PM,07-09-2025 22:00,,,,,,,
"Sunday, September 7, 2025",11:00:00 PM,07-09-2025 23:00,,,,,,,